9,1.3,1,0.8,0.013776436,0.018851225,0.025921787,0.036126596,0.051578388,0.076511967,0.120291963,0.205818896,0.390682203,0.744365429,0.800304868,0.383934494,0.17031001,0.084020075,0.044401677,0.023891151,0.012383202,0.00569598,0.001941013,0.000237459,0.000227955,0.001878557,0.00540429,0.011266164,0.02020864,0.033345935,0.05222544,0.078844617,0.115062988,0.159505737,0.190414966,0.071058275,0.756112724,0.834895794,0.672992586,0.35677624,0.076096699,0.010613222,0.16073254,0.432586522,0.685544347,0.837920175,0.897920351,0.906007778,0.893698841,0.878548938,0.868497799,0.866968831,0.8742113,0.888263137,0.903565731,0.909151547,0.891639521,0.833028641,0.722897729,0.575490036,0.424594678,0.293044364,0.193583932,0.124079674,0.078739422
8,1.3,1.5,1,0.001488888,0.00193668,0.002503041,0.003230679,0.00418721,0.005485296,0.007325332,0.010094758,0.014630049,0.02304957,0.042102327,0.102997048,0.437976509,0.247224802,0.037591654,0.010491524,0.003230221,0.000783277,5.24E-05,0.000128288,0.000699706,0.001667857,0.003029401,0.004837159,0.007188695,0.010227612,0.014151862,0.01923521,0.025848688,0.034504701,0.045913375,0.061082922,0.081433419,0.108973161,0.146525515,0.197862325,0.267409824,0.358531975,0.467465958,0.565616042,0.51738478,0.231312504,0.664302386,0.586318919,0.450393833,0.300480844,0.149858977,0.023215679,0.087485401,0.562621817,0.838500898,0.843645727,0.807421962,0.782367673,0.774547625,0.782347324,0.803331435,0.833867639,0.868018233,0.896497681,0.90595389
8.5,1.1,2,0.2,0.011053983,0.015082007,0.020663625,0.028665489,0.040681201,0.059877555,0.093224797,0.157897395,0.300563436,0.618141042,0.844545624,0.430976257,0.180948027,0.086387646,0.045222749,0.024591611,0.013195657,0.00656311,0.002697393,0.000660936,2.45E-05,0.000643156,0.002564992,0.005997753,0.011312482,0.01906877,0.030074686,0.045451459,0.066737341,0.096042666,0.136128075,0.188809898,0.257092773,0.347790729,0.442965952,0.361145426,0.796930988,0.737416918,0.072695964,0.417978209,0.739969106,0.871793845,0.914869223,0.92214306,0.914745855,0.908690939,0.904222542,0.904944862,0.910589306,0.918851131,0.925224074,0.92227551,0.900766571,0.851922302,0.773008976,0.667903907,0.550284493,0.435209672,0.333743306,0.250168262,0.185121274
8.5,0.5,0.5,0.8,0.020378179,0.029032084,0.041952703,0.062177024,0.095856944,0.156461964,0.275279936,0.514916861,0.849744366,0.768334003,0.414954031,0.216043773,0.121466147,0.072468697,0.0444216,0.027000583,0.015539639,0.007808556,0.002797564,0.000280261,0.000780579,0.005920379,0.01938241,0.049050012,0.109123976,0.179084058,0.307042068,0.365071987,0.081269586,0.002915183,0.097228968,0.365779379,0.67068889,0.836746211,0.884661194,0.89277163,0.894463848,0.885702347,0.837059192,0.714063795,0.525849396,0.337714596,0.199594874,0.114133313,0.064891557,0.037052003,0.021272661,0.012249247,0.007179035,0.004178306,0.002481876,0.001547538,0.001070426,0.000893514,0.000972398,0.00141597,0.002619564,0.00581864,0.01497114,0.045814342,0.182775797
8.5,1.3,1,0.4,0.010003819,0.013572975,0.018467772,0.025398755,0.03565313,0.051746377,0.079115266,0.130963574,0.24370611,0.513362154,0.861990765,0.480869475,0.185175014,0.081806144,0.039900519,0.020011106,0.0095897,0.003927623,0.001037959,3.90E-05,0.000584021,0.002634629,0.006374497,0.012192195,0.020699296,0.032789823,0.049700907,0.07310185,0.105203402,0.148743114,0.206935292,0.277934144,0.371282816,0.475862841,0.525759287,0.742157313,0.843764239,0.817734292,0.759379697,0.905829167,0.920095604,0.913490611,0.903015544,0.895438659,0.893468221,0.898914044,0.908046056,0.916404692,0.914290639,0.888255546,0.824200974,0.717783592,0.581649171,0.4423791,0.319109618,0.222647215,0.152130948,0.102528385,0.069024565,0.045658628,0.029910354
8,1.3,1,0.2,0.008579191,0.011615861,0.015760849,0.021594218,0.03015561,0.043453853,0.065761624,0.107357651,0.196658985,0.417378775,0.823846583,0.553084145,0.202315451,0.085265072,0.040456309,0.019948007,0.009447123,0.003827603,0.000992774,3.49E-05,0.000608598,0.002689283,0.006486542,0.012431538,0.021204301,0.033808914,0.051647948,0.076663559,0.111423625,0.158701715,0.222888496,0.306473824,0.410338887,0.530164091,0.6539919,0.761826464,0.806500488,0.881737294,0.881045006,0.581931064,0.861835954,0.908243709,0.908238873,0.90549079,0.907972474,0.91466152,0.920706172,0.916947932,0.89118529,0.831574031,0.73233794,0.604817958,0.470730857,0.349800575,0.253899851,0.180592621,0.127407543,0.089403206,0.062691233,0.043774361,0.03034943
8.5,0.3,1.5,0.4,0.025771716,0.037356494,0.05516072,0.084028956,0.134147722,0.228306562,0.415243752,0.737142211,0.893428681,0.586190312,0.316038287,0.179098396,0.108975144,0.069628329,0.04552418,0.029648063,0.018578252,0.010570228,0.004792311,0.00109459,0.000211392,0.004893108,0.024464597,0.095477467,0.284380621,0.033175977,0.026669278,0.003327146,0.003191243,0.027682304,0.087224324,0.198936268,0.372035649,0.579551614,0.756295067,0.859317091,0.900650914,0.91211572,0.91455652,0.913125768,0.900384136,0.859266476,0.771864088,0.637283999,0.481468542,0.338898453,0.228713675,0.151451348,0.099879699,0.066117043,0.043930688,0.029283125,0.019516084,0.012949972,0.008499479,0.005504074,0.003451151,0.002072864,0.001163467,0.000593605,0.000256698
8.5,0.7,0.5,0.8,0.017068973,0.023948778,0.033955559,0.049137183,0.073485641,0.115475053,0.194661461,0.357293079,0.67093407,0.88121847,0.547038263,0.266150858,0.138410191,0.07764494,0.045308083,0.026417636,0.014657135,0.007134704,0.002507871,0.00027085,0.000513659,0.003934599,0.01208681,0.02790792,0.056700994,0.107071982,0.185231449,0.213120569,0.600287019,0.580996473,0.162680007,0.009650359,0.238492227,0.600917911,0.813670044,0.881369563,0.893496701,0.895181596,0.896573927,0.886128635,0.835589881,0.715234208,0.534991779,0.351935352,0.212980686,0.124041823,0.071406141,0.041079492,0.0236885,0.013662687,0.007913705,0.004623802,0.002781859,0.001802418,0.001364886,0.001330138,0.001837718,0.003447101,0.008300116,0.024886468,0.098753218
9.5,1.3,2,1,0.0110122,0.015089608,0.020791031,0.029061051,0.041666866,0.062205033,0.098815423,0.172249075,0.33983499,0.700077511,0.779750044,0.347511047,0.149976371,0.074299617,0.040132596,0.022469913,0.012452071,0.006466085,0.002858738,0.000839925,4.61E-05,0.000361961,0.00185068,0.004732616,0.009396485,0.016396882,0.026378289,0.039570889,0.053580559,0.054737357,0.009132753,0.395451595,0.700919914,0.588089417,0.390216619,0.232367629,0.132416794,0.070031704,0.031717903,0.009608315,0.000892989,0.005490389,0.027851318,0.073224069,0.156386387,0.285959479,0.459440244,0.650114483,0.802399588,0.881864161,0.896728875,0.87584634,0.843204294,0.811972508,0.787852019,0.772647764,0.766532652,0.769131899,0.779809511,0.797707128,0.821568903
9.5,0.7,1.5,1.2,0.024040595,0.034679372,0.050946336,0.07721042,0.122706562,0.208410292,0.381503148,0.696552734,0.885748873,0.584652227,0.308541339,0.172408721,0.104570641,0.067363569,0.045065778,0.030730349,0.021005355,0.014159232,0.009267659,0.005864282,0.003813943,0.003636162,0.012280881,0.162021831,0.706976219,0.711764992,0.295888561,0.105092518,0.039175678,0.018498745,0.005348294,0.00045647,0.001624862,0.009356366,0.025923237,0.055606233,0.105360783,0.177316337,0.286211711,0.439337512,0.6107023,0.762372503,0.859342402,0.897400021,0.897918107,0.884758106,0.873393508,0.870679676,0.87800626,0.891586398,0.903469864,0.893578484,0.83898895,0.72524762,0.568214484,0.405295037,0.27012343,0.172321744,0.106881084,0.064686207,0.037995699
8,0.5,1,0.8,0.010055537,0.013967003,0.019544225,0.027806181,0.040691039,0.062221544,0.101713071,0.183478994,0.374735669,0.759841435,0.727461572,0.31861493,0.144075399,0.074095127,0.041009521,0.023155323,0.012605274,0.006074848,0.002126935,0.000228664,0.000453344,0.003501611,0.011030071,0.026460358,0.056851075,0.116775952,0.233730214,0.429087652,0.515162338,0.132899882,0.185858118,0.062926248,0.002797473,0.059276805,0.289091978,0.608481633,0.81219273,0.881773742,0.897305918,0.901236594,0.899743914,0.877926374,0.810893674,0.684974265,0.521509428,0.364192744,0.241556381,0.157000015,0.101876821,0.066610729,0.04392904,0.029215634,0.019528028,0.013039965,0.008875301,0.005890116,0.003874185,0.002510351,0.001596803,0.000996083,0.000615884
8,1.1,1,1.2,0.003016997,0.003990097,0.005259814,0.006951692,0.00927338,0.012589925,0.017593368,0.025737638,0.040507865,0.072018616,0.158382466,0.477339149,0.600767706,0.126954232,0.039822003,0.015317785,0.005991345,0.001971077,0.000335758,4.13E-05,0.000708646,0.002255174,0.004774545,0.008512084,0.013879219,0.021513582,0.032377609,0.047939542,0.070411092,0.103151932,0.151036425,0.220471088,0.316974372,0.434265001,0.516323955,0.274545405,0.360466532,0.475705285,0.373579342,0.257114248,0.149719085,0.059279034,0.005086967,0.057228092,0.333644151,0.69728113,0.850166264,0.863855152,0.85183061,0.84902346,0.860471165,0.879859318,0.89342316,0.876362147,0.804369543,0.673823392,0.51434651,0.365635887,0.249262042,0.167013917,0.11102707
8,0.7,1,0.2,0.015007125,0.020998282,0.029658911,0.042705775,0.063470549,0.09901092,0.165755476,0.304341054,0.593468634,0.882717821,0.583112625,0.274454654,0.138468015,0.076265477,0.044060295,0.02559623,0.014245639,0.007036736,0.002592922,0.000357454,0.000306341,0.002886422,0.009104865,0.020740478,0.040680513,0.073633614,0.126209092,0.206885667,0.322897459,0.472073983,0.627884696,0.65125739,0.838377692,0.748351741,0.902942702,0.918248733,0.919599694,0.920446246,0.919308222,0.907764025,0.871164789,0.793936355,0.673175862,0.527248266,0.385645748,0.269479266,0.183779738,0.124292224,0.084069115,0.056858015,0.038781358,0.026515383,0.018128797,0.012352414,0.008355755,0.005583589,0.003633238,0.002316216,0.001421475,0.000831499,0.000460214
8,1.1,2,0.4,0.004250696,0.005658946,0.007520816,0.010041855,0.013570001,0.018733778,0.026763871,0.040350428,0.066253212,0.125075342,0.29421012,0.758805738,0.431376653,0.123790892,0.047866555,0.021573947,0.010139485,0.004525029,0.00166421,0.000338038,2.17E-05,0.000500001,0.001721966,0.003742945,0.006704185,0.010837376,0.016473377,0.024072057,0.034258738,0.0478925,0.066129339,0.09052257,0.123162568,0.166769432,0.222484222,0.296800243,0.391884512,0.502525791,0.614496182,0.603508652,0.858706937,0.844814739,0.353869621,0.523593686,0.879193151,0.909802479,0.902490577,0.890590886,0.88317094,0.881858362,0.875197192,0.899276257,0.913840434,0.922424237,0.915559431,0.885262082,0.830399165,0.743196214,0.635964743,0.523162511,0.417496961
9.5,0.7,0.5,1.2,0.047910677,0.070238717,0.105175163,0.162681036,0.26240989,0.439226802,0.714463218,0.916418386,0.752002197,0.467512501,0.280618826,0.175444421,0.114582739,0.077196856,0.052848073,0.036199133,0.024381228,0.01579653,0.009552443,0.005184262,0.002491998,0.001524509,0.006142235,0.173938611,0.631385991,0.748852822,0.31730417,0.057448401,0.005123016,0.004720881,0.032758305,0.090949456,0.188519689,0.331860696,0.510977523,0.688471357,0.817968817,0.882133664,0.898101086,0.892572567,0.88431553,0.882504545,0.88718484,0.887247973,0.855692081,0.752668307,0.567236595,0.359725095,0.20046621,0.104665091,0.052452309,0.026084646,0.013100733,0.007042363,0.004660785,0.004790189,0.008845742,0.026966929,0.122793791,0.619542705,0.348694426
9.5,0.7,0.5,0.2,0.076269022,0.114114572,0.17468263,0.275358442,0.443935332,0.695585138,0.915104874,0.850769513,0.59377591,0.378976429,0.244501345,0.162836351,0.111446784,0.077492578,0.054012696,0.037137707,0.024658053,0.015305394,0.008391825,0.003621596,0.00093552,0.000107812,0.005313417,0.242165036,0.246017544,0.037932049,0.09130272,0.219624959,0.384027669,0.572009874,0.740114011,0.848942392,0.897011072,0.909314138,0.908795777,0.904513354,0.887888771,0.8283954,0.687064627,0.473193039,0.269759238,0.135306457,0.063391153,0.028507235,0.012378894,0.00521563,0.002209408,0.001079379,0.000815045,0.00118219,0.002743588,0.007458253,0.021077285,0.061867705,0.190580685,0.540991969,0.746684253,0.536893506,0.383390279,0.30520717,0.26363212
9.5,1.3,0.5,0.6,0.040896074,0.058023381,0.083411428,0.122702837,0.18669251,0.296242026,0.48572905,0.761495286,0.910599664,0.691822386,0.409412534,0.236374561,0.141352207,0.087171747,0.054365217,0.033461576,0.019652135,0.010422679,0.004442403,0.001058678,6.34E-05,0.001594664,0.006109849,0.014369524,0.027334334,0.045439969,0.064847965,0.055642862,0.370792407,0.660364468,0.785636267,0.403116914,0.013813639,0.222803361,0.486524906,0.693245294,0.825136504,0.891349426,0.913452295,0.912153463,0.902311237,0.893072074,0.889049219,0.891688122,0.898996655,0.903210214,0.887342952,0.824680854,0.691280148,0.510632575,0.326276458,0.188312322,0.102987578,0.054386827,0.029129826,0.017245568,0.014216996,0.021507853,0.073699952,0.480900619,0.300928564
9,0.9,2,1,0.007730439,0.010563269,0.014495027,0.020138582,0.02861907,0.042174999,0.065743218,0.111748178,0.216281551,0.485147163,0.856594963,0.450136371,0.174026008,0.08036622,0.041920641,0.023140066,0.01281881,0.006730885,0.003048713,0.000942275,6.27E-05,0.000360135,0.002034374,0.005578603,0.011912227,0.022575026,0.039674799,0.063071733,0.068732373,0.017942838,0.436700717,0.342966013,0.181001025,0.102865201,0.052840286,0.024002006,0.007957946,0.000856115,0.002242771,0.014364682,0.042305503,0.094788737,0.184138922,0.321742297,0.503276304,0.690722926,0.827444464,0.889450741,0.897273798,0.882309533,0.864815564,0.852693566,0.860204112,0.872440552,0.890428441,0.90622876,0.906853878,0.875889909,0.800930088,0.683643335,0.544205725
9,0.7,2.5,1.2,0.005248504,0.00714245,0.009750513,0.013458322,0.01896373,0.027633227,0.042442361,0.070787876,0.134633657,0.311727448,0.76397566,0.521904947,0.170898596,0.071633918,0.035440023,0.018914067,0.010208364,0.005219034,0.002269585,0.000632377,2.58E-05,0.000453832,0.002190741,0.005897458,0.012908875,0.025811393,0.048957503,0.082722072,0.062677947,0.09388366,0.173375067,0.100963768,0.065034161,0.037666113,0.020868888,0.010924809,0.004552974,0.001005202,0.000180753,0.002694922,0.010707057,0.015695173,0.039788572,0.078233462,0.140714564,0.24082704,0.387939742,0.570828295,0.745522167,0.857249725,0.893353687,0.882579048,0.856792865,0.834556773,0.82308879,0.824457762,0.837604696,0.859469302,0.8842096,0.902020689,0.898899705
8.5,0.9,2,1.2,0.003239049,0.00431458,0.005736932,0.007662453,0.010354854,0.014288513,0.020388135,0.030664453,0.050154384,0.094307531,0.224341381,0.668315878,0.44728367,0.113855842,0.041911178,0.018381486,0.008423221,0.003615074,0.001215364,0.000175008,7.62E-05,0.000795944,0.002393014,0.005089555,0.009303401,0.01574249,0.025595415,0.040852918,0.064877239,0.103030992,0.161465667,0.230710301,0.183214557,0.114084557,0.312724795,0.223819953,0.144715603,0.087719714,0.049962828,0.026382441,0.009658483,0.001251739,0.002471414,0.018489447,0.059168322,0.144205715,0.294251247,0.508889788,0.724804432,0.854346651,0.887458215,0.872286687,0.848788992,0.83388353,0.832550013,0.844395833,0.866085336,0.890445506,0.904951554,0.892529033,0.836718208
9,0.7,2.5,0.2,0.023228759,0.032822586,0.04698744,0.068919738,0.105052837,0.16941922,0.294105022,0.540814344,0.867297805,0.756862157,0.401757557,0.206967935,0.115222795,0.068199009,0.041685411,0.025544982,0.015187135,0.008343718,0.003860794,0.001170216,6.26E-05,0.000610688,0.003168842,0.008455882,0.017760238,0.03332519,0.059148849,0.102307401,0.171979625,0.256104112,0.072826972,0.288858519,0.042352967,0.003271014,0.052140651,0.152148114,0.292657812,0.457227745,0.626269588,0.765745013,0.858112799,0.905035234,0.920436193,0.919332336,0.913186952,0.90840419,0.908091349,0.912165695,0.917943384,0.919504217,0.908484301,0.874098853,0.806528937,0.705703543,0.582982879,0.456738534,0.342972304,0.249771149,0.177985869,0.124747029,0.085817974
8.5,0.7,2,0.8,0.006744129,0.009200782,0.012599895,0.017461094,0.024732451,0.036296383,0.056291024,0.095147387,0.183657777,0.4177109,0.808619605,0.460190511,0.166679056,0.07346017,0.036957498,0.019656973,0.010377896,0.005052564,0.001974323,0.000398363,4.77E-05,0.000944135,0.003385806,0.008028473,0.016120668,0.029986191,0.054072665,0.096900976,0.17265786,0.278073594,0.145279712,0.221131701,0.165964812,0.083757207,0.030257771,0.006025277,0.000978019,0.016891291,0.062944524,0.152733538,0.299262866,0.494780791,0.691312655,0.828129094,0.888954565,0.900845091,0.89474656,0.889033142,0.890676227,0.898852763,0.906888692,0.903833819,0.870983407,0.795001989,0.676815404,0.537094639,0.403000322,0.291467337,0.206528623,0.144460865,0.104712262
9.5,1.1,2,0.2,0.029934526,0.042354209,0.060731445,0.089230912,0.136156458,0.219031535,0.37420443,0.648480899,0.899873361,0.707474207,0.388896174,0.210271195,0.120702193,0.072697216,0.044839019,0.027577596,0.01637871,0.008957546,0.004110407,0.001225599,6.18E-05,0.000643972,0.003241029,0.008386138,0.016931742,0.030021363,0.04854558,0.068811488,0.0515006,0.568740868,0.771177947,0.367527522,0.029517355,0.017366588,0.103048126,0.226877183,0.378600898,0.539408011,0.687718883,0.804335565,0.879709003,0.916794118,0.927024615,0.922291345,0.912253671,0.902913257,0.897923267,0.898608901,0.904684942,0.914003043,0.922059496,0.920246168,0.896002399,0.846568068,0.755317932,0.631327891,0.492944662,0.361846243,0.252434602,0.168609915,0.107712843
9.5,0.7,0.5,0.8,0.05737679,0.085141115,0.129352593,0.203340739,0.332370756,0.552100413,0.833102708,0.901746516,0.653100857,0.401696309,0.247772483,0.159271287,0.106260884,0.072621918,0.050121511,0.034401564,0.023060983,0.014747404,0.008718175,0.004622364,0.002390912,0.003006631,0.045420416,0.52370788,0.584657796,0.416492777,0.025441378,0.004868377,0.045947456,0.128148481,0.258213129,0.434961238,0.628357853,0.785261349,0.87291797,0.90220336,0.902640013,0.897253691,0.896058603,0.89661832,0.879790322,0.807207486,0.645221529,0.428105851,0.242118132,0.124912659,0.061777048,0.030074899,0.014647235,0.007336054,0.00409073,0.002948123,0.003275124,0.00578678,0.014167747,0.041384575,0.149280826,0.548780572,0.609364161,0.340033359,0.232492641
9,0.9,2.5,0.8,0.007414563,0.010096079,0.013801123,0.019097672,0.027028736,0.039683141,0.061705291,0.104979127,0.205209297,0.474092603,0.845365222,0.398665337,0.145802836,0.065089796,0.032753389,0.017269563,0.008968615,0.004254414,0.001590668,0.000286752,5.62E-05,0.000851139,0.002812609,0.006283231,0.011878944,0.020647948,0.034318026,0.055644413,0.088110763,0.129164463,0.117429922,0.126362197,0.425513953,0.252955715,0.120023031,0.050742286,0.016150212,0.001830128,0.003354178,0.016013268,0.050383942,0.096118211,0.194670573,0.331281073,0.502929175,0.679890733,0.817164204,0.889204841,0.905713316,0.892017645,0.867400372,0.849498334,0.838685706,0.836920289,0.844817153,0.860862692,0.881895338,0.902398121,0.913710382,0.904211593,0.862327634
9,1.3,2,0.6,0.007858807,0.010578097,0.014254108,0.019370322,0.026779497,0.038104631,0.056722255,0.090551548,0.160993758,0.333168758,0.728465817,0.67014196,0.243914889,0.098722665,0.046394865,0.023372941,0.011785442,0.005511913,0.002091931,0.000429519,3.11E-05,0.000707873,0.002456015,0.005415777,0.009862648,0.016231121,0.025157498,0.037565757,0.054754898,0.078548483,0.111305539,0.155457814,0.210352822,0.255523259,0.153154217,0.589628389,0.734437467,0.540432786,0.287061426,0.101115245,0.012055263,0.016437244,0.117147786,0.308222725,0.54303345,0.745348216,0.862641325,0.903043179,0.900123925,0.880870357,0.860038447,0.844589332,0.837249772,0.838448829,0.846330189,0.863508434,0.883842305,0.904095204,0.917760018,0.916200826,0.889889585
8.5,0.5,1,0.2,0.029137552,0.042215748,0.062293277,0.094787519,0.150981382,0.255489257,0.457209936,0.776116154,0.88058036,0.571228216,0.312389121,0.178256969,0.10817705,0.068394493,0.04389935,0.027795112,0.016696754,0.008891355,0.003579377,0.000588797,0.000355039,0.004147326,0.014701338,0.036780725,0.081005548,0.159337963,0.133803421,0.678072696,0.030708303,0.147937209,0.462783357,0.717730247,0.850803924,0.899873185,0.913104952,0.91570287,0.913964172,0.899904276,0.855546518,0.761562618,0.618125835,0.455068617,0.310025374,0.201649142,0.128351031,0.081157119,0.051314567,0.032460784,0.020500778,0.012877985,0.007996595,0.004876255,0.002895314,0.001654119,0.000905689,0.000473902,0.000238221,0.00013399,0.000110774,0.000183049,0.000530649
9.5,0.5,2,1.2,0.01859113,0.026903242,0.039673373,0.060417644,0.096688004,0.166274133,0.31316877,0.616401636,0.889575714,0.600289597,0.306534935,0.169304109,0.103528217,0.068274465,0.047462784,0.034248253,0.025420456,0.019392209,0.015465634,0.013782167,0.016937757,0.047190155,0.378263185,0.65146085,0.203408994,0.057413028,0.023818259,0.011711079,0.005159496,0.001740595,0.000209727,0.000314508,0.002277121,0.006710416,0.014710071,0.028064914,0.049618552,0.083797578,0.13716476,0.21827574,0.33531024,0.487691238,0.654355244,0.794154092,0.875568176,0.901141509,0.89564037,0.882146385,0.8739479,0.87504334,0.887370846,0.901357531,0.90373732,0.873402466,0.790231888,0.655049506,0.496627762,0.350774778,0.237138153,0.155954974,0.100955908
9,0.9,0.5,0.2,0.036713782,0.052732177,0.076973011,0.115459046,0.180150887,0.295231993,0.501972562,0.798099363,0.894789926,0.617913561,0.352796339,0.203805588,0.123279342,0.077044385,0.048621421,0.030147792,0.017680099,0.009177102,0.003616415,0.000609452,0.000259497,0.003161865,0.010520048,0.02432763,0.047346273,0.082383616,0.116323775,0.370346787,0.508338065,0.10335862,0.583481066,0.766658148,0.863628042,0.901426926,0.91599161,0.916019479,0.914071693,0.909554738,0.890206022,0.83073407,0.705251317,0.522370199,0.3363389,0.195252037,0.106793585,0.056559749,0.029334478,0.014926217,0.007478287,0.003751159,0.002005296,0.001301866,0.001266083,0.002019245,0.004588434,0.012813954,0.04077065,0.15043711,0.563675239,0.577544183,0.314345072
9,0.9,0.5,0.6,0.027557321,0.039090575,0.056203096,0.082783941,0.126558255,0.203826555,0.349011595,0.612607314,0.891420561,0.744530034,0.416683043,0.225014296,0.128622717,0.077040971,0.047100712,0.028502618,0.016405791,0.008403481,0.003296122,0.000571701,0.000198685,0.002581215,0.00862794,0.01987454,0.038502588,0.065867457,0.089017592,0.031939933,0.698684112,0.749257042,0.082712625,0.122360115,0.439431127,0.686611216,0.834368501,0.892747009,0.906025112,0.904387188,0.90256492,0.90335299,0.899019228,0.868438451,0.781498633,0.623952677,0.43199584,0.265351829,0.151508372,0.08344059,0.045218445,0.024390194,0.013073702,0.007200869,0.004257808,0.002997392,0.002918652,0.004533753,0.009989858,0.029596502,0.11516797,0.532681543,0.458247633
9,0.7,2,0.8,0.010747953,0.014900772,0.020815588,0.029574023,0.043245191,0.066141554,0.108297216,0.195924866,0.399445998,0.778393009,0.707448948,0.314721795,0.145718562,0.07677845,0.043896278,0.026032424,0.015391167,0.008654588,0.004287767,0.001557778,0.00019385,0.000263329,0.002212389,0.00707234,0.016893879,0.035111801,0.061437273,0.031689726,0.293107343,0.246010648,0.108359245,0.044196002,0.01496674,0.002574282,0.000886696,0.010156719,0.032728867,0.076270125,0.150149576,0.264870715,0.423217499,0.604836702,0.764231401,0.863146115,0.901514426,0.904327309,0.895800529,0.889563342,0.891134413,0.899609643,0.908598479,0.906620009,0.875601304,0.799843002,0.67912624,0.534448436,0.394804653,0.279430268,0.192514959,0.132197709,0.089917296
9,1.3,1,0.6,0.016760689,0.02309498,0.032036471,0.04515264,0.065405115,0.098883955,0.159263045,0.279680236,0.53057501,0.865078168,0.668087807,0.310499999,0.147696468,0.076681928,0.041803261,0.022864138,0.011886817,0.005385398,0.001727453,0.000153133,0.000377975,0.002430371,0.006597697,0.013430539,0.023799447,0.038962829,0.060643771,0.091009298,0.132028671,0.181929465,0.214095024,0.050641936,0.780906582,0.842011364,0.622014768,0.121697413,0.065190362,0.388949736,0.67586272,0.834087556,0.898815432,0.912844265,0.905769166,0.893801334,0.885150676,0.883248382,0.888725293,0.89955056,0.910146767,0.910025696,0.88290803,0.811649847,0.691484507,0.540385326,0.390133074,0.265171633,0.173074486,0.110169983,0.068917561,0.042712511,0.026679525
8,0.9,0.5,1.2,0.005380429,0.007226606,0.009708263,0.013132019,0.018025586,0.02536487,0.037115556,0.057728263,0.098863297,0.197276655,0.47687811,0.81345873,0.301848715,0.102144636,0.042471142,0.019141976,0.008376148,0.003058701,0.000615337,3.92E-05,0.000999834,0.00354971,0.008048178,0.015194981,0.026166811,0.042838975,0.068196636,0.106861051,0.165721209,0.253712237,0.377867967,0.52837953,0.640823169,0.386201232,0.468059265,0.489957135,0.319986037,0.117641726,0.013578996,0.36556394,0.76507711,0.858480015,0.867704252,0.872051265,0.881407322,0.883064322,0.84908785,0.750375137,0.58880029,0.411810987,0.265644609,0.165084833,0.101197116,0.061898989,0.038121836,0.023383962,0.014314854,0.008759799,0.005368758,0.00337439,0.002308451
9,0.3,1.5,0.6,0.032744902,0.048367879,0.073157008,0.114909885,0.190395782,0.336017604,0.606920726,0.897735264,0.762318577,0.445983027,0.255703349,0.15703315,0.102707928,0.070250122,0.049378215,0.035106274,0.0248351,0.017139425,0.011248331,0.006864778,0.004496908,0.015893566,0.273319829,0.092273004,0.012742154,0.001779736,0.000411482,0.004990892,0.017677778,0.042745094,0.087916053,0.164416955,0.284042848,0.448073049,0.630267671,0.781079824,0.869166982,0.903645668,0.911264487,0.911767374,0.911499147,0.904449319,0.872801298,0.793060908,0.656695903,0.48895132,0.333597316,0.215540465,0.135962389,0.085028548,0.053107074,0.033120083,0.020560208,0.012613193,0.007579685,0.004416504,0.002454892,0.001278608,0.000611031,0.000262717,0.000117795
9.5,1.3,0.5,0.4,0.04539686,0.064757206,0.093704885,0.138923091,0.213159198,0.340275236,0.554052941,0.828373151,0.895861772,0.63645154,0.37672366,0.221884279,0.135263182,0.084720097,0.053527175,0.033315554,0.019782057,0.010628908,0.004624593,0.001161241,4.70E-05,0.00141771,0.005710776,0.013670079,0.026274076,0.044336659,0.066186268,0.073118149,0.145560039,0.508211965,0.68519354,0.302498487,0.214736072,0.508522399,0.700957546,0.822714872,0.888142993,0.917081955,0.921578633,0.915771546,0.90828761,0.904075335,0.904749265,0.908187562,0.906018048,0.881043929,0.806776888,0.664672001,0.475711719,0.296605099,0.167187527,0.088381525,0.045929509,0.023943361,0.013959501,0.011175645,0.016203652,0.051498249,0.303707796,0.507363012,0.226193019
8,0.9,2.5,1,0.001316256,0.001721911,0.00224071,0.002915991,0.003817469,0.005063459,0.006869222,0.009662927,0.014404146,0.023651958,0.046219434,0.128139085,0.596974082,0.153396883,0.030417749,0.009834247,0.003542387,0.001140815,0.000217144,9.12E-06,0.000238177,0.000806521,0.001700745,0.002958768,0.004660912,0.006933201,0.00995907,0.014006399,0.019462624,0.026901187,0.037198294,0.051708215,0.072600906,0.1033647,0.149558287,0.218957923,0.315852748,0.398437974,0.128618119,0.354754131,0.311117341,0.18304474,0.104936491,0.042246913,0.008809282,0.002283611,0.029310787,0.122604109,0.308058394,0.569533568,0.789949726,0.878186796,0.871813095,0.840004153,0.810638182,0.794268408,0.792980478,0.805404889,0.828830899,0.858699542,0.88747279
9.5,1.1,1.5,0.4,0.031721292,0.045074969,0.064963438,0.09603451,0.147561616,0.238988563,0.409186693,0.695883152,0.90591243,0.675800808,0.374673141,0.207294863,0.12145647,0.074440799,0.046658376,0.02916939,0.017653384,0.009892628,0.004717195,0.001535011,0.000117324,0.000504826,0.002967329,0.007957202,0.015828759,0.025349801,0.025668786,0.038074632,0.631567621,0.772540497,0.401371481,0.04055753,0.008306186,0.075324829,0.191924114,0.342455804,0.508609562,0.669901336,0.796408713,0.876400006,0.913990696,0.922898003,0.917403024,0.907801253,0.90066241,0.899006114,0.90334666,0.911523253,0.917823485,0.911865201,0.87791672,0.80032047,0.679275792,0.52821735,0.379188362,0.255382383,0.163926248,0.102032184,0.061145908,0.035379185,0.019714256
9.5,1.3,0.5,0.8,0.039280437,0.055867133,0.080611417,0.119265948,0.183083189,0.294471409,0.491643265,0.77931091,0.901750337,0.63998669,0.362994217,0.205471512,0.121292614,0.073837992,0.045325404,0.027277741,0.015481208,0.007744082,0.002919389,0.000459048,0.000210251,0.002332562,0.007277972,0.015809843,0.028962522,0.047757349,0.07158455,0.089846859,0.041671772,0.672340733,0.791093725,0.758558508,0.281958116,0.008635646,0.134189022,0.381561875,0.613265455,0.779905988,0.872040224,0.908583103,0.912950221,0.90320742,0.890578888,0.881649738,0.879414969,0.884461677,0.894606289,0.902648904,0.893953112,0.844173679,0.730661685,0.556956107,0.376059675,0.226701397,0.127565812,0.069257156,0.037848439,0.022900688,0.020149256,0.04253548,0.339646077
9.5,0.3,1.5,0.8,0.04529048,0.068958576,0.108394583,0.178481777,0.31069382,0.555586968,0.861706557,0.837738111,0.53722655,0.31996361,0.201819504,0.13630686,0.097564106,0.073315134,0.057670797,0.047854372,0.043162452,0.046138219,0.074745064,0.323623089,0.342637373,0.402643431,0.022942404,0.005236311,0.000599998,0.000290867,0.0028841,0.009154003,0.021092864,0.040919117,0.076474961,0.134004911,0.224302724,0.355570869,0.521982879,0.691528589,0.819317006,0.885432511,0.905557596,0.905988406,0.903983903,0.904947164,0.901643032,0.873020566,0.790098724,0.641277839,0.459797286,0.298024245,0.183085289,0.109260547,0.06451075,0.037723487,0.021564838,0.013313818,0.007321807,0.003922825,0.002015459,0.001001453,0.000523096,0.000378514,0.000625545
9,1.1,1,1.2,0.012494882,0.017189897,0.023794914,0.033440174,0.048258524,0.072620312,0.116476391,0.205131581,0.404869657,0.781526657,0.737566099,0.327798486,0.14670088,0.073854702,0.039851201,0.021906973,0.011631637,0.005518524,0.001979216,0.000282915,0.000174293,0.001714695,0.005254042,0.011471996,0.021479789,0.036852313,0.05917059,0.086431258,0.092846226,0.009844595,0.673491525,0.647607246,0.434115491,0.229964366,0.102846752,0.036188686,0.0037089,0.0088096,0.058539943,0.168199838,0.346062598,0.56508405,0.755606674,0.863691069,0.896177674,0.889216565,0.871632401,0.858300208,0.855205441,0.863192339,0.879452257,0.896879216,0.900352747,0.866958951,0.779681159,0.63635899,0.470519183,0.321058609,0.207618546,0.129694961,0.079136776
8.5,0.5,1.5,1,0.00900869,0.012510265,0.017506148,0.024915093,0.036495705,0.055923724,0.091819688,0.167267492,0.349770772,0.745911302,0.717737927,0.299549464,0.133266856,0.068421744,0.038124362,0.021823235,0.01216647,0.006118366,0.002347027,0.000358637,0.000260267,0.00290665,0.010603327,0.029216361,0.074169847,0.179291395,0.249820753,0.028708473,0.082200496,0.049619269,0.022284479,0.006702437,0.001396781,0.003040848,0.019903588,0.061130624,0.143680676,0.287326304,0.491257292,0.700061101,0.836999472,0.889733618,0.898020491,0.896363561,0.898658126,0.902305973,0.891560291,0.840926415,0.731273648,0.575161909,0.413626889,0.280702112,0.185556336,0.121791308,0.080054328,0.052484176,0.036388383,0.024094854,0.015979915,0.010509794,0.006807852
9.5,0.5,2.5,0.4,0.032448563,0.047331748,0.070536106,0.108883491,0.176910644,0.306572303,0.553395035,0.866000569,0.796041645,0.464687221,0.256223505,0.1508202,0.094601163,0.061970601,0.041538102,0.027949776,0.018462808,0.01161185,0.006587186,0.002991476,0.000735849,5.87E-05,0.001468219,0.003094487,0.056713775,0.245133733,0.041180446,0.006511844,0.00033392,0.002697406,0.011013624,0.026970682,0.053228081,0.092788974,0.150737528,0.232469864,0.341428161,0.474758951,0.618576289,0.749282171,0.845003663,0.89833926,0.917711359,0.917421543,0.910444481,0.90467654,0.904105535,0.908645643,0.914509184,0.913525332,0.893286131,0.837565377,0.738476693,0.604218115,0.459331312,0.32869719,0.225066167,0.149405017,0.09661795,0.060521777,0.038310963
9,1.3,1,0.2,0.02438084,0.034004869,0.047880079,0.068740934,0.101869306,0.158252888,0.261988514,0.462032768,0.781310863,0.863368966,0.516571699,0.2609308,0.138471888,0.077787529,0.04490862,0.025695138,0.013909116,0.006586378,0.002265699,0.000259051,0.000337421,0.002600331,0.007437769,0.015543271,0.027977657,0.046229299,0.072274121,0.108562269,0.157484231,0.219163101,0.272621796,0.496597185,0.629445626,0.753736953,0.405426822,0.75846869,0.864557,0.912166946,0.928430594,0.928193314,0.921084335,0.914890978,0.911662498,0.913097274,0.917916229,0.921497976,0.914774452,0.883204863,0.81165641,0.693997059,0.545178427,0.394989489,0.268487301,0.174830044,0.110374802,0.068101676,0.041271242,0.025179109,0.015116852,0.009606047,0.00753452
8.5,0.5,2.5,0.6,0.009712982,0.013438534,0.018732587,0.026557458,0.038760856,0.059222603,0.097101866,0.177118752,0.371511926,0.776385021,0.680057809,0.275442291,0.122189166,0.062533346,0.034695255,0.019827425,0.011146153,0.00580502,0.00250609,0.00065146,2.45E-05,0.00068749,0.002989444,0.00769281,0.016305585,0.031829917,0.060621299,0.116934144,0.230948011,0.411198815,0.162444665,0.088691526,0.037140578,0.011510595,0.000504318,0.011192062,0.04483823,0.108092808,0.210620292,0.357406356,0.535597148,0.70730407,0.830626237,0.893008173,0.9111655,0.908958491,0.903097419,0.901430052,0.905578324,0.910895572,0.914610391,0.898972221,0.851489729,0.764404876,0.644517046,0.511979317,0.388205052,0.285499463,0.206527199,0.14810628,0.105311277
9.5,0.7,1.5,0.4,0.043202141,0.063336143,0.094893047,0.147137596,0.2390116,0.406819546,0.683906501,0.909403349,0.741380083,0.444668434,0.258885685,0.158389113,0.101713783,0.06748147,0.045443502,0.030499363,0.019959275,0.012347452,0.006852618,0.003064205,0.000825021,3.43E-05,4.66E-05,0.006910033,0.50486893,0.665949974,0.277978337,0.018436168,0.003752597,0.026943221,0.079331219,0.160398987,0.275933111,0.423513228,0.586150249,0.733579076,0.839133557,0.896260293,0.916939442,0.918525397,0.91428985,0.9120551,0.913798954,0.916287542,0.909219873,0.875003227,0.793645737,0.658549043,0.492772791,0.337374064,0.215934163,0.1325153,0.078987979,0.045900636,0.02572915,0.013660005,0.006824859,0.003069449,0.001198633,0.000420914,0.000235914
8,0.7,0.5,0.4,0.01365768,0.019074261,0.026883081,0.038599548,0.0571374,0.088610468,0.147156512,0.268124904,0.528853733,0.86279292,0.627265215,0.291460646,0.143100446,0.077062821,0.043604137,0.024748553,0.013327553,0.006208353,0.00198375,0.000136509,0.000750496,0.004487209,0.0127457,0.028040438,0.05449687,0.098950039,0.170856255,0.28073811,0.43190696,0.605391448,0.746665966,0.860043489,0.788876547,0.900409346,0.90916075,0.907385085,0.906923971,0.890209273,0.834893931,0.72226057,0.561714658,0.394382526,0.257675326,0.162230082,0.100802534,0.06256552,0.038961954,0.024330611,0.01521163,0.009430718,0.005839708,0.003577553,0.002168929,0.001318964,0.000777545,0.000502542,0.000375704,0.0003671,0.00051391,0.001006125,0.002524346
9.5,0.3,0.5,1.2,0.063899948,0.09761128,0.153648642,0.251542491,0.425970405,0.700407851,0.920362078,0.794875887,0.52259607,0.329858743,0.217075175,0.150373874,0.108961422,0.082017617,0.063970525,0.051996735,0.045098159,0.044735219,0.06170879,0.19343245,0.499567718,0.417478072,0.207423852,0.018227564,0.001237363,0.001400926,0.00975086,0.028498472,0.06357307,0.127049688,0.233749889,0.394333808,0.590926772,0.7633715,0.859241041,0.887210719,0.886318222,0.88345531,0.882411654,0.8598897,0.764880525,0.56713914,0.339477131,0.175682995,0.085945858,0.041202199,0.019769254,0.009586068,0.00483263,0.002683995,0.001873648,0.001904291,0.002925299,0.006094623,0.015256098,0.043501922,0.144496974,0.511110949,0.63874238,0.342652987,0.221838834
8.5,1.1,0.5,1,0.010060298,0.013641247,0.018542914,0.025456078,0.035610204,0.051354629,0.07762005,0.125916248,0.226446194,0.457529002,0.828818562,0.600526678,0.242248759,0.10600015,0.051414729,0.025853269,0.012547049,0.00528755,0.001502377,8.25E-05,0.000623412,0.003145236,0.008007083,0.015936063,0.028120477,0.046390055,0.073495387,0.113398429,0.171298916,0.252494963,0.356333344,0.449515102,0.267494641,0.734645915,0.711857125,0.473762282,0.128971303,0.058942718,0.512377589,0.807909057,0.879136564,0.883287711,0.877482603,0.877663681,0.8856726,0.895380971,0.891607009,0.848986895,0.744450247,0.583209385,0.408763662,0.263722342,0.162274023,0.097566981,0.058000624,0.034241643,0.020410766,0.012257288,0.007706372,0.005590963,0.005665778
8,0.3,1.5,0.4,0.017380212,0.024837754,0.036027104,0.053669967,0.083375362,0.137839427,0.248116174,0.484008597,0.84061282,0.739109542,0.376000855,0.191184055,0.106984641,0.064077924,0.039649066,0.024460964,0.014401168,0.007514723,0.002915146,0.000405544,0.000479266,0.004731113,0.01711547,0.047610695,0.122451275,0.314195827,0.652417292,0.406078271,0.037042548,0.00775677,0.006498138,0.070213962,0.229382746,0.474154123,0.707051988,0.841846012,0.893148459,0.907522583,0.910840918,0.906786029,0.884683554,0.826564071,0.720841443,0.578482874,0.430309618,0.303724584,0.208873685,0.142668186,0.096436947,0.066825024,0.046581047,0.032714981,0.023129579,0.016418042,0.011665067,0.008266156,0.005817536,0.00404556,0.002751222,0.001826584,0.001163977
8.5,0.9,0.5,1,0.012242721,0.016840463,0.023302601,0.032716598,0.047106295,0.070559991,0.112214989,0.19479383,0.377445275,0.738508618,0.78944256,0.368335321,0.162346171,0.079982007,0.042093123,0.02237253,0.011255767,0.004818764,0.001327701,5.14E-05,0.000821511,0.003889283,0.009934707,0.020205394,0.036766764,0.062953433,0.103881973,0.166617339,0.256877855,0.355781988,0.236328194,0.714713976,0.636817956,0.314183384,0.031239966,0.126412972,0.538631412,0.802215477,0.881356525,0.891788176,0.889460833,0.891073729,0.897007435,0.895564955,0.862303035,0.768947107,0.610946538,0.429139805,0.274591997,0.166588636,0.0987474,0.058094236,0.034036854,0.01992038,0.011691921,0.006970094,0.004354658,0.00310697,0.002909905,0.004196756,0.010043918
9.5,1.3,2,0.6,0.015400476,0.021231151,0.029477622,0.041606198,0.060404827,0.091647568,0.148497703,0.263568641,0.510228026,0.856174428,0.658155243,0.301147989,0.143632371,0.07565925,0.042346191,0.024157071,0.013468039,0.006940743,0.002975985,0.000790988,2.84E-05,0.000591217,0.002579815,0.006278159,0.012174112,0.021012359,0.033811774,0.051761152,0.075283881,0.099281679,0.089839755,0.045911502,0.736487862,0.704237477,0.452246227,0.212881837,0.074086263,0.012334341,0.003463204,0.03819753,0.119121406,0.248495528,0.411122642,0.599924337,0.760146193,0.862459599,0.905678588,0.908404683,0.891261339,0.868698746,0.848433788,0.834397336,0.827716596,0.82568096,0.839647404,0.85573797,0.876145312,0.897658592,0.914961465,0.919906116,0.902598995
9.5,0.5,2.5,0.6,0.024347972,0.035131957,0.051643023,0.078361754,0.124813378,0.212809743,0.391642418,0.716294379,0.887502956,0.562896496,0.292971278,0.162882539,0.098255389,0.062773775,0.041465393,0.027716799,0.018348177,0.011686719,0.006844479,0.003360621,0.001071919,5.92E-05,0.000412437,0.00034903,0.112151531,0.300348359,0.064954692,0.016329201,0.003150824,0.000127607,0.002687198,0.010542357,0.021568358,0.042109132,0.077599554,0.127274021,0.199263731,0.298907644,0.427107597,0.574108767,0.716648583,0.827133292,0.891395943,0.914853172,0.913934612,0.903895577,0.895080443,0.892264038,0.896453832,0.905202696,0.91367126,0.907418866,0.871652754,0.793191352,0.672121522,0.528133117,0.388556673,0.272070153,0.184068561,0.121044628,0.077103949
8.5,0.9,0.5,0.8,0.013894845,0.0191486,0.026550736,0.037358534,0.053906894,0.080886158,0.128648608,0.222157976,0.421034394,0.772287483,0.782928,0.387071622,0.179142637,0.090974044,0.049077219,0.026748383,0.01391,0.006291433,0.001978291,0.000152005,0.000618862,0.003658189,0.010035508,0.021140752,0.039280921,0.068075278,0.11295744,0.181047411,0.27755262,0.384549553,0.249909414,0.812066844,0.704293566,0.208578569,0.16137866,0.683919266,0.861018212,0.894867391,0.89625706,0.896105259,0.900354052,0.902330488,0.883965151,0.817512315,0.685430086,0.509120946,0.339611387,0.211199279,0.126859611,0.075165325,0.044363263,0.025959122,0.015275356,0.009017878,0.005410518,0.003426781,0.002460898,0.00228469,0.003144841,0.006427627,0.019301509
9,1.3,0.5,0.8,0.018906569,0.026154854,0.036465978,0.051717644,0.075471936,0.11505478,0.1868216,0.32876553,0.60688283,0.88705517,0.626594996,0.300423663,0.148327517,0.078830174,0.04355299,0.023965809,0.012444666,0.005568245,0.001710862,0.000118968,0.000531065,0.003024504,0.00797255,0.016064192,0.028388428,0.046525055,0.072683012,0.109618609,0.159849242,0.221177106,0.260546764,0.050594466,0.80812129,0.82407221,0.513947083,0.054909812,0.184493073,0.579681072,0.801950332,0.885423484,0.903472915,0.897800834,0.887918952,0.882446203,0.884199758,0.892148954,0.900681064,0.896710502,0.858926722,0.764155176,0.610223188,0.42961249,0.282880806,0.170527243,0.099192186,0.056372767,0.032147556,0.018923255,0.012851533,0.012820389,0.028241331
8.5,1.3,0.5,0.2,0.015656208,0.021558554,0.029873313,0.042021391,0.060650878,0.091119621,0.145267236,0.251471695,0.473503439,0.820384565,0.740925945,0.358736879,0.16807197,0.085767589,0.046079012,0.024839868,0.012668079,0.00554432,0.001626614,8.97E-05,0.000667441,0.003475356,0.008966344,0.0179597,0.031748876,0.052222823,0.082090501,0.12413079,0.184397208,0.266054909,0.371785869,0.498409233,0.631808084,0.706184667,0.852716828,0.781455092,0.685270283,0.902660009,0.919503916,0.91992064,0.917050523,0.916754922,0.914532382,0.906363447,0.881357562,0.810663189,0.687632657,0.528332136,0.369359262,0.240333419,0.149414773,0.090223665,0.054028633,0.031777462,0.018293101,0.010433013,0.006001883,0.003713113,0.002874282,0.003640182,0.009235566
9,1.1,0.5,0.6,0.023590718,0.032903356,0.046317618,0.06642534,0.098174754,0.151660374,0.248613647,0.433012631,0.737142336,0.882788281,0.576319668,0.299037269,0.159892924,0.090423598,0.05271488,0.030603099,0.016942516,0.00832779,0.003094958,0.000476968,0.000253904,0.002624577,0.008198541,0.01806689,0.033955772,0.058354084,0.094452219,0.14453812,0.198736902,0.136474505,0.712713249,0.823031417,0.491602646,0.083479602,0.547526156,0.789591322,0.879037705,0.904920203,0.904563154,0.898998639,0.896937193,0.899971105,0.903620018,0.894589899,0.849923923,0.744716156,0.579769197,0.397594303,0.246835935,0.144030736,0.081164871,0.045619327,0.025279212,0.014231763,0.008510033,0.005930129,0.005827239,0.009389174,0.025504395,0.113937163,0.613988335
8,1.1,1.5,1,0.002295977,0.003022862,0.003963244,0.005203717,0.006885498,0.009252773,0.012759669,0.0183334,0.028131294,0.04814701,0.100083928,0.294344819,0.747155831,0.146880093,0.039457293,0.014246247,0.005433506,0.001806236,0.00034375,1.80E-05,0.000447059,0.00151355,0.003238838,0.005743049,0.009240804,0.014065378,0.020705047,0.02987716,0.042635712,0.060562019,0.086002089,0.122455824,0.174835016,0.249044643,0.347779309,0.451490847,0.423151926,0.218798559,0.593591638,0.46782672,0.304145617,0.161675542,0.047417667,0.004670719,0.124231983,0.460124877,0.764983211,0.865409482,0.865235672,0.848105647,0.83982553,0.8454,0.863286887,0.886296206,0.902703291,0.895495873,0.846552825,0.749507536,0.618191602,0.480012808,0.357315569
8.5,0.9,2,1,0.004373924,0.005863474,0.007857996,0.010599324,0.01450474,0.020345055,0.029679082,0.046034713,0.078750452,0.158052452,0.399372786,0.825623117,0.304518001,0.098664505,0.041437001,0.019620932,0.009506288,0.00430434,0.001562337,0.000280497,4.69E-05,0.000743693,0.002445481,0.005407427,0.010104309,0.017336722,0.028444508,0.045657018,0.072707405,0.115418389,0.179713313,0.249047035,0.144266935,0.277372587,0.342604643,0.207249307,0.122967044,0.060732446,0.023784702,0.00451869,0.001645974,0.020062692,0.07169194,0.17480527,0.344790973,0.563519168,0.759307549,0.867707583,0.895866674,0.88586416,0.868702044,0.857548935,0.860520004,0.872706385,0.891029403,0.907003536,0.906630261,0.873336879,0.795523701,0.677365128,0.539684612
8,1.1,2.5,0.4,0.003912067,0.005204194,0.006913978,0.009234691,0.012498069,0.017314584,0.02491046,0.038065375,0.064157379,0.127689409,0.332780411,0.8099947,0.262542096,0.075596227,0.029456881,0.012933199,0.005690149,0.002219501,0.00059275,3.10E-05,0.000199726,0.00096729,0.00231103,0.004279479,0.006978637,0.010569475,0.015279325,0.0214097,0.0293615,0.039661854,0.053017342,0.070357364,0.092911146,0.122321488,0.160734598,0.210097301,0.271546666,0.351568885,0.445725485,0.557337265,0.667053362,0.721720613,0.797818308,0.863063007,0.63929593,0.140289594,0.842398405,0.900278421,0.889944098,0.871748503,0.857416813,0.850438583,0.851393442,0.85884261,0.874496138,0.892608744,0.907450665,0.920481574,0.918536254,0.894301207,0.843162488
9.5,0.7,1,0.6,0.051307389,0.07605229,0.115439822,0.181549279,0.298302544,0.504641579,0.795587262,0.90957755,0.667649536,0.4049567,0.24667771,0.157787546,0.105478674,0.072763352,0.051115502,0.036118068,0.025368958,0.017530949,0.011897264,0.008256929,0.007327891,0.017683293,0.260848233,0.410769156,0.670736487,0.158835373,0.010548896,0.002810563,0.022964682,0.06572173,0.136224968,0.242744569,0.387884157,0.557537039,0.717415129,0.832175424,0.891558499,0.910496731,0.910070059,0.905972359,0.905192697,0.906628422,0.899500168,0.860353476,0.760690683,0.595005043,0.406210641,0.248745879,0.142577531,0.078616904,0.042716978,0.022773827,0.011997194,0.006365157,0.003628375,0.002612552,0.003053441,0.006600855,0.023343378,0.12723026,0.645906056
8,1.3,2,0.8,0.001533092,0.001994009,0.002576846,0.0033254,0.004308867,0.005642152,0.00752864,0.010358659,0.014965477,0.023421849,0.042138633,0.099088459,0.38845754,0.345079903,0.049907793,0.014226566,0.004784162,0.001463072,0.00026115,1.28E-05,0.00030779,0.000996763,0.002041587,0.003463089,0.005322731,0.007718415,0.010787951,0.014717235,0.019760238,0.026257399,0.034675205,0.045655815,0.060107018,0.079303648,0.105051096,0.139914392,0.187369546,0.251776914,0.337160581,0.442256659,0.542529663,0.467574933,0.526874093,0.711286951,0.578334901,0.388104851,0.198797205,0.041987355,0.035058948,0.368496641,0.759263434,0.870443677,0.854801507,0.819845155,0.793478874,0.780619668,0.780851389,0.792454728,0.814403229,0.843157729,0.874163342
9.5,0.3,2.5,0.4,0.044548598,0.066574633,0.102213379,0.163469186,0.275464872,0.483667124,0.792956034,0.899376008,0.625148312,0.367015658,0.222063556,0.143029069,0.097141777,0.068589705,0.04974554,0.036704345,0.027359153,0.020558249,0.015791556,0.013437036,0.018827148,0.162602701,0.122972816,0.007151853,0.000786604,0.000155141,0.00208038,0.006817473,0.012987027,0.026396268,0.046031433,0.075705016,0.119673587,0.183143937,0.271301342,0.386416986,0.522926549,0.66371066,0.784116254,0.865968888,0.907362539,0.920011942,0.918273478,0.91352481,0.91165951,0.913888604,0.916556122,0.910304977,0.879694837,0.809286321,0.692709891,0.545886287,0.398991239,0.27570701,0.183697974,0.119547097,0.076409632,0.047813972,0.02893606,0.01775338,0.009595672
9,1.3,0.5,0.4,0.024385266,0.034089391,0.048155814,0.069434087,0.103473719,0.161860211,0.270182932,0.479353716,0.800300363,0.837787575,0.48287653,0.24240236,0.12824885,0.071522894,0.040691631,0.022685162,0.011724114,0.005064979,0.001372269,4.85E-05,0.000949761,0.004275865,0.010548867,0.02066133,0.035948348,0.058291316,0.090225983,0.13480881,0.194984278,0.270658623,0.340532588,0.412737837,0.711488721,0.803873381,0.483178981,0.836195014,0.902740221,0.920195604,0.918850585,0.911605984,0.906573337,0.905644187,0.908682043,0.910787411,0.899937145,0.856555768,0.759283723,0.606185178,0.430440532,0.276394667,0.165738102,0.095218209,0.053595813,0.030260243,0.017086535,0.010420646,0.007779518,0.00903981,0.0199144,0.087712815,0.589819208
8.5,0.7,1.5,0.4,0.015763248,0.022065204,0.031194981,0.044999351,0.067092537,0.105219557,0.177571261,0.329277147,0.639046485,0.881978373,0.54192938,0.2553527,0.13046546,0.07270794,0.042518707,0.025099112,0.014334004,0.007437116,0.003078609,0.000666789,6.98E-05,0.001541591,0.005780071,0.014140531,0.029055019,0.054856496,0.099012835,0.171507545,0.251289704,0.06561443,0.574517433,0.164999529,0.005174095,0.066127272,0.253458797,0.508930868,0.723422224,0.849557732,0.90166813,0.915056069,0.915577132,0.91541529,0.917610319,0.917602871,0.904158537,0.861155691,0.774559741,0.646673691,0.500195482,0.361937122,0.253591425,0.173496916,0.11767457,0.079583022,0.053723161,0.03611063,0.024042398,0.016382072,0.010601896,0.006667759,0.00402942
9.5,0.9,0.5,1,0.044867824,0.064886997,0.09552924,0.144734021,0.228052807,0.374671043,0.618902993,0.880822888,0.833425092,0.541611175,0.318282504,0.191855083,0.120546227,0.077982429,0.051022073,0.033058551,0.020646914,0.011921042,0.005874313,0.002018492,0.00020046,0.000440679,0.002405076,0.003259454,0.007037764,0.64158506,0.737198736,0.604765792,0.152473845,0.014268937,0.00853212,0.063586147,0.170682042,0.32801207,0.517484888,0.696937927,0.823618692,0.886021068,0.902054577,0.896186751,0.886163682,0.881196414,0.884058158,0.890894418,0.887988648,0.84654499,0.731887171,0.54491398,0.345266459,0.193028866,0.104310574,0.053317519,0.027051495,0.014124345,0.008299419,0.006648995,0.009259349,0.023863099,0.103380147,0.580822269,0.355011836
9,1.1,0.5,1.2,0.017011487,0.023527814,0.032789801,0.046472857,0.067750989,0.103154082,0.167353688,0.295387669,0.556975349,0.874116331,0.655762435,0.311297306,0.151499008,0.080049949,0.044287653,0.024560731,0.012953966,0.005967814,0.001959906,0.000184702,0.00041022,0.002777675,0.007785338,0.016370563,0.030052956,0.051152084,0.082738182,0.126938626,0.173206193,0.127261079,0.413525218,0.71399259,0.508436322,0.24672939,0.073201428,0.005645568,0.047682298,0.215028766,0.468421645,0.70326442,0.839807906,0.886993661,0.888411643,0.876665949,0.867743815,0.867573056,0.876234585,0.888054823,0.888198023,0.847648838,0.749369035,0.588537597,0.403235201,0.249716401,0.144662885,0.081246164,0.044671492,0.024381728,0.013721982,0.008963384,0.009315012
9.5,1.3,1.5,1,0.015436387,0.021371362,0.029827612,0.042375051,0.062032426,0.095137005,0.156353966,0.28231716,0.551390092,0.873176175,0.603628128,0.27464125,0.133543129,0.071536758,0.040525144,0.023310386,0.013050457,0.006710626,0.002830309,0.000700791,2.58E-05,0.000771854,0.003118107,0.007442337,0.014306437,0.024286246,0.037129936,0.048091246,0.035008863,0.045330918,0.692106222,0.739456272,0.553399071,0.308904539,0.193697687,0.094688976,0.038054988,0.008538328,0.001100575,0.01720933,0.064463912,0.149492515,0.288319507,0.475723599,0.670951661,0.817064735,0.888122208,0.899668295,0.88110538,0.854190038,0.830051554,0.809842311,0.810618831,0.815095842,0.828267088,0.848868398,0.873647645,0.897210749,0.910533187,0.901660338,0.858363443
9.5,1.1,1,0.6,0.035995748,0.051521535,0.074915452,0.111942138,0.174145248,0.285282265,0.487826802,0.787570633,0.893154099,0.608349162,0.341178367,0.195072891,0.117614228,0.073764014,0.047116116,0.029958381,0.018439171,0.010536316,0.005167988,0.001785583,0.000180516,0.00038171,0.002548911,0.0066343,0.010922337,0.006711213,0.12601865,0.60219396,0.755316916,0.551912643,0.095752719,0.002723389,0.045903299,0.15317297,0.302542647,0.479388629,0.65236499,0.78921722,0.873544163,0.91047843,0.916846975,0.909194142,0.899181469,0.893232653,0.894030614,0.900826597,0.908555257,0.905858066,0.873095504,0.787874577,0.642440904,0.470598333,0.322383564,0.199574536,0.118322758,0.06847874,0.038549591,0.02234828,0.014231232,0.012446838,0.023190268
8.5,0.3,2,0.8,0.013523047,0.019084354,0.027246175,0.039772947,0.060178457,0.096160426,0.166359326,0.319030697,0.642924507,0.878273201,0.51326185,0.244024244,0.129032467,0.075196071,0.046474053,0.029427872,0.018447674,0.010932544,0.005618956,0.001979978,0.000136357,0.001371226,0.010581918,0.048112958,0.204226959,0.346427444,0.005527509,0.013511716,0.005780731,0.001191876,0.000205863,0.003589841,0.013216335,0.032610825,0.067731563,0.127670662,0.223967219,0.364626358,0.539594543,0.709953825,0.830483685,0.889705329,0.908156547,0.910707137,0.911384475,0.912018611,0.904127029,0.870420361,0.792149935,0.664516821,0.51361656,0.370229381,0.255646423,0.173130218,0.116578412,0.078606076,0.053097266,0.036070409,0.02467247,0.016609357,0.010885985
8.5,0.9,2.5,1,0.002307826,0.003060713,0.00405029,0.005382068,0.007234473,0.009930315,0.014105898,0.021165068,0.034744526,0.066706278,0.171359808,0.640208338,0.281648382,0.060875634,0.021004715,0.008466192,0.00338746,0.001122529,0.000188097,2.68E-05,0.00042634,0.001334212,0.002794884,0.004934017,0.007967456,0.01223742,0.018270033,0.026886066,0.039403369,0.057962562,0.08612054,0.129641314,0.196537175,0.289434627,0.353794857,0.087033032,0.228275949,0.231564393,0.14618248,0.094441793,0.0506136,0.022948751,0.006189311,0.000656319,0.00903162,0.045791484,0.078866727,0.212103526,0.412965098,0.648418128,0.82128339,0.882060317,0.872116193,0.839593107,0.811108741,0.795165273,0.793574841,0.805255769,0.827842792,0.857212168,0.886371046
8.5,0.5,2,1,0.006648552,0.009122914,0.012576931,0.01756419,0.025101199,0.037219644,0.058413939,0.100069851,0.195814066,0.449669602,0.849197719,0.457576583,0.175150687,0.081245118,0.042933462,0.024144552,0.013695132,0.007395455,0.003459787,0.001104057,7.22E-05,0.000521496,0.003150219,0.009713148,0.024501806,0.058562949,0.138898345,0.257709798,0.007894799,0.057196767,0.044381046,0.025947701,0.010810801,0.002757396,0.000127049,0.003666264,0.013519263,0.037437284,0.081490997,0.157928612,0.280481042,0.452274547,0.643966514,0.797157448,0.877190316,0.900078247,0.898743834,0.895369906,0.897915307,0.904446323,0.904912625,0.880593787,0.812083704,0.694735841,0.548541048,0.405870879,0.288075413,0.200131561,0.137412717,0.098131203,0.067901363
9,0.7,1,0.8,0.022599088,0.032123878,0.046288803,0.06836857,0.104964254,0.170370384,0.296941748,0.544477818,0.865248301,0.768276944,0.424761171,0.226674945,0.13031839,0.079778747,0.050680089,0.032550548,0.020552886,0.012282115,0.006502546,0.00261871,0.000458083,0.000188854,0.002201541,0.006094798,0.004442983,0.187437315,0.741813573,0.449262584,0.110934551,0.016320386,0.001094123,0.021690217,0.082514753,0.193698788,0.360881257,0.561628969,0.740118273,0.850748031,0.895761832,0.904622671,0.902435433,0.901987195,0.904336932,0.899827227,0.867206662,0.779353295,0.629335295,0.451429473,0.294433594,0.181612381,0.109239789,0.065270565,0.038574552,0.022695974,0.013292896,0.007783651,0.004645148,0.003037641,0.002439033,0.002929857,0.006270421
8.5,0.9,1,0.4,0.015887904,0.022134192,0.031114558,0.044571949,0.065886274,0.102216214,0.170234948,0.311238198,0.603981584,0.88235836,0.56498543,0.260942176,0.129635954,0.070215038,0.039783895,0.022580991,0.012208069,0.00579613,0.001997647,0.000222603,0.000336447,0.002558213,0.007465673,0.016092067,0.030086221,0.051993636,0.085548183,0.135381291,0.207425887,0.296792695,0.274604208,0.763592153,0.773672327,0.034111807,0.513003663,0.791389275,0.884877835,0.911043359,0.916026387,0.914404401,0.914675598,0.916697048,0.91424616,0.894046515,0.838585256,0.735815088,0.593393253,0.440470953,0.306878582,0.205409738,0.134586987,0.087764067,0.05685751,0.036695602,0.023531849,0.014970281,0.009419444,0.005762335,0.00351635,0.00216514,0.001443924
8,1.1,1.5,0.4,0.006212234,0.008360485,0.011260803,0.015289355,0.021107208,0.029968091,0.044476895,0.070767234,0.125697269,0.264447477,0.641349345,0.6915122,0.225107942,0.084208528,0.03748264,0.017840483,0.008306352,0.003379195,0.000925084,4.52E-05,0.000374359,0.001826153,0.00449938,0.008647828,0.014691165,0.023247109,0.035200338,0.051774015,0.074635767,0.106037258,0.148859122,0.206572137,0.279686985,0.375852583,0.488953402,0.608467536,0.685603503,0.833734771,0.89017441,0.66860413,0.832441142,0.910804308,0.908697554,0.899223714,0.893217336,0.893357985,0.896996441,0.910570144,0.919384394,0.916857957,0.890974006,0.831394092,0.735050954,0.616725537,0.491597827,0.377341726,0.282911261,0.20943045,0.154175964,0.113353021,0.083375972
8.5,0.7,0.5,0.6,0.018392015,0.025767165,0.036455295,0.052583049,0.078248964,0.121969666,0.202825287,0.363819211,0.663250345,0.885026262,0.593701193,0.300331575,0.158413005,0.089614733,0.052748192,0.031123559,0.017604891,0.008880113,0.003395593,0.000533635,0.000319986,0.003412142,0.011288858,0.026713005,0.05450997,0.102409299,0.179837376,0.266944233,0.151544717,0.785028262,0.306868291,0.081899135,0.562159049,0.813026902,0.882963337,0.895712775,0.897661536,0.899051798,0.890423229,0.846423017,0.73848401,0.568557735,0.385423512,0.238614792,0.141043752,0.081954051,0.047441947,0.027470752,0.015920402,0.009225176,0.005267345,0.003095885,0.001895696,0.00128889,0.001061348,0.001194095,0.001881174,0.003972685,0.009978621,0.030224517,0.117427426
