9,1.3,1,0.8,0.414752954,0.488493175,0.572963279,0.685100845,0.804854478,0.957665416,1.142223437,1.368429217,1.643073025,1.906907931,1.959387175,1.744096066,1.509906628,1.332049291,1.202922774,1.115245396,1.058036338,1.021218203,1.008755783,1.017873424,1.03706369,1.06881099,1.111641646,1.164462082,1.230532228,1.302391752,1.386446842,1.478559843,1.586774736,1.717435269,1.904046249,2.261656311,2.251151117,2.087706326,2.084101592,2.079018986,2.053016428,2.049508487,2.054564805,2.04561346,2.013901338,1.964323632,1.905972374,1.850948382,1.804099516,1.770892314,1.750409545,1.746897271,1.758493704,1.785175729,1.821159094,1.868112798,1.908077205,1.932331002,1.946965558,1.942458627,1.922561336,1.878145689,1.831361282,1.786234245,1.739459122
8,1.3,1.5,1,0.044024795,0.086723313,0.13268312,0.208567093,0.268377086,0.33897687,0.42483489,0.532421202,0.683309188,0.872243876,1.148819523,1.549217539,2.114287462,1.997530191,1.457860422,1.157008175,0.975055481,0.866872755,0.803822753,0.771909704,0.762227223,0.76888899,0.787904895,0.816518559,0.852797217,0.895370659,0.949184208,1.00246437,1.060005654,1.121488893,1.191075291,1.260701983,1.333950252,1.414390507,1.497585943,1.581803417,1.670298214,1.759963606,1.850806219,1.961016847,2.175341053,2.413033912,2.074047366,1.956615556,1.904822043,1.902835859,1.94719964,2.055725294,2.182679971,2.206199501,2.090368293,1.957194553,1.854651397,1.788798599,1.754338536,1.743069586,1.752358995,1.777400433,1.809990537,1.845741512,1.879906619
8.5,1.1,2,0.2,0.386190085,0.456996922,0.537922245,0.644975778,0.75951253,0.9054714,1.077640201,1.302490689,1.575345003,1.871592642,2.001677602,1.804998775,1.545737889,1.348291338,1.20483955,1.106048373,1.035342945,0.994121461,0.973007553,0.968292408,0.977107322,1.002526986,1.032756254,1.071119218,1.116413507,1.171586602,1.228719326,1.29044641,1.359843387,1.431626529,1.526313225,1.624796937,1.67173376,1.749277008,1.874843125,2.272494049,2.097822777,2.14707278,2.298736692,2.149224243,1.99778526,1.905591553,1.844274982,1.798434489,1.769720899,1.73793118,1.722148436,1.720209704,1.729311482,1.747841785,1.774612954,1.803250037,1.83113354,1.853010929,1.864830864,1.864666309,1.852532794,1.82898542,1.799438188,1.76766439,1.775997133
8.5,0.5,0.5,0.8,0.544725179,0.646543169,0.752132871,0.884255491,1.034807353,1.227151292,1.450599652,1.703900711,1.900737761,1.875638667,1.676952833,1.47891118,1.326538189,1.217468576,1.148293989,1.110521995,1.099975124,1.11355648,1.149132889,1.205482466,1.28629914,1.386014184,1.514088473,1.674958486,1.877517206,2.164799759,2.476370139,2.142848965,2.026009862,2.002200375,2.046767506,2.090481325,2.080483707,2.026493884,1.966960995,1.932160804,1.930796225,1.955220831,1.98790337,2.007219364,1.993713125,1.946772563,1.879447029,1.804732122,1.730779394,1.661496244,1.598403533,1.5450989,1.499576802,1.453558657,1.419270422,1.392871369,1.372413768,1.365126628,1.374515287,1.400552565,1.444205184,1.528388421,1.662597759,1.863476369,2.136913031
8.5,1.3,1,0.4,0.387404596,0.455038461,0.531820356,0.633549599,0.741397103,0.878999001,1.041377178,1.254824799,1.518940389,1.826604644,2.033828642,1.870410818,1.589966501,1.373330785,1.220461987,1.117771976,1.050839385,1.007534542,0.990405227,0.995655646,1.01087659,1.037917135,1.074705861,1.119552632,1.175087077,1.232831772,1.29500643,1.36414087,1.432804503,1.505882128,1.580218976,1.688913626,1.72441587,1.81481109,2.122056264,1.978090997,1.902627215,2.141724925,2.13195234,1.873564735,1.804361004,1.765712436,1.74108049,1.730797566,1.736241248,1.744505569,1.768406134,1.802379982,1.838737043,1.874168937,1.899376955,1.909848507,1.903890212,1.881068575,1.841641485,1.798125911,1.750416625,1.707294465,1.665067223,1.618350014,1.586019186
8,1.3,1,0.2,0.354737875,0.420523396,0.495032753,0.593089871,0.697206383,0.822835569,0.985986792,1.187890976,1.446199486,1.760205953,2.027697182,1.925301331,1.627583853,1.393562771,1.229976821,1.121170002,1.051083874,1.006605852,0.989615656,0.995962823,1.012845918,1.041937137,1.081019676,1.128297273,1.186642545,1.24696853,1.314878616,1.38359988,1.458081656,1.530918325,1.600823994,1.669358557,1.729850102,1.782990173,1.824001958,1.862046752,1.983098125,1.977414974,1.941215349,2.28174468,2.008161981,1.821524264,1.755437306,1.74112638,1.746780486,1.766328544,1.795511386,1.832155241,1.865380845,1.885624223,1.895062134,1.888360364,1.866261155,1.833154526,1.793695859,1.743199063,1.695025748,1.650999695,1.604110833,1.563458372,1.526060389
8.5,0.3,1.5,0.4,0.571098779,0.682575776,0.799859215,0.947229353,1.121382232,1.328772212,1.571734878,1.797806014,1.876526578,1.738858093,1.541661015,1.373121393,1.247733109,1.162833152,1.110204083,1.086149773,1.088237286,1.115329623,1.167670044,1.250603146,1.363034822,1.521333891,1.733117959,2.01356099,2.377233811,2.321202224,1.937634605,1.775225975,1.723098977,1.741774756,1.798373716,1.86640083,1.924716102,1.955163251,1.951310665,1.924190084,1.888604646,1.86087609,1.850858989,1.858925067,1.880343095,1.90547042,1.92256567,1.921982406,1.900162839,1.859085436,1.807810076,1.749954296,1.693142412,1.635994849,1.584105307,1.536081725,1.490119423,1.450572147,1.41611962,1.388551727,1.355136875,1.331382002,1.308985718,1.291569333,1.278702741
8.5,0.7,0.5,0.8,0.521734583,0.615582574,0.711567545,0.823946901,0.966988816,1.136913668,1.345729835,1.591313886,1.842359581,1.95140032,1.80214374,1.579077572,1.394826315,1.260735769,1.171237551,1.115620396,1.0883612,1.085113793,1.102543502,1.138137262,1.190074733,1.261348811,1.344265427,1.445913548,1.564347586,1.703674003,1.881641923,2.164387144,2.376839433,2.172292545,2.123596881,2.127611124,2.140957104,2.111913634,2.043756603,1.973561389,1.925644361,1.907436594,1.919126641,1.950335175,1.986410079,2.005636617,1.995164284,1.953055564,1.890855262,1.820402232,1.749659402,1.682852058,1.625469616,1.572193128,1.523652093,1.48272839,1.452608462,1.431881129,1.423930171,1.43099619,1.456439384,1.514355283,1.618563232,1.794646944,2.055403193
9.5,1.3,2,1,0.443822853,0.514698439,0.608477358,0.705075507,0.820112607,0.969553481,1.151340019,1.381566828,1.664037538,1.951506432,2.005129067,1.753824857,1.497011788,1.309323758,1.175445868,1.085932189,1.024873779,0.994283874,0.985307347,0.994729349,1.025505494,1.066216785,1.12047826,1.191601752,1.272942639,1.371494217,1.485834969,1.61937869,1.780189493,1.980768336,2.241562825,2.384917773,2.184790635,2.078619295,1.980725732,1.88300407,1.793902716,1.728029081,1.687915179,1.673282067,1.689800168,1.704601648,1.750389297,1.826022898,1.865571102,1.922111303,1.976065268,1.987135019,1.979787679,1.946771201,1.89803717,1.843413257,1.790381487,1.743504043,1.704790557,1.678065872,1.661865621,1.656264137,1.660881869,1.674949962,1.69733479
9.5,0.7,1.5,1.2,0.604754268,0.701312241,0.814098255,0.95759787,1.127670525,1.335654378,1.576739377,1.815099364,1.909169122,1.768940436,1.557465734,1.378084625,1.245075344,1.15502801,1.099150732,1.073969162,1.077521922,1.109401913,1.170840686,1.268661544,1.406590399,1.598475392,1.875193863,2.241290351,2.285385941,2.245861197,2.11178903,1.868589427,1.863501472,1.625953423,1.552393937,1.529798666,1.536531954,1.565318307,1.614167812,1.67807211,1.780734021,1.911865115,1.878879413,1.924918987,1.95625687,1.961732012,1.944193657,1.908964403,1.868059034,1.831435216,1.807801843,1.799111418,1.810714391,1.838014545,1.872414971,1.911229604,1.942798405,1.962627548,1.950157242,1.91944457,1.875684572,1.823537141,1.771360152,1.720631226,1.680601039
8,0.5,1,0.8,0.433384934,0.507146856,0.603416842,0.703945569,0.823685854,0.978138691,1.166491672,1.404556327,1.693239304,1.96590213,1.962427662,1.701560481,1.462167001,1.291935804,1.176393107,1.106541601,1.071017076,1.063665137,1.079969361,1.116665032,1.171481648,1.247275132,1.336094718,1.445101903,1.571249208,1.716598751,1.875669443,2.042760274,2.266317532,2.431203248,2.076353616,2.09091035,1.978328267,2.031500864,2.084624976,2.084936889,2.031880775,1.967851402,1.921691776,1.903669047,1.911995435,1.934032614,1.954136354,1.957655006,1.937045857,1.894349238,1.8364658,1.772364039,1.708119334,1.647110782,1.587872475,1.535513422,1.487980125,1.4454285,1.407132223,1.371706872,1.357338021,1.316501876,1.292133019,1.271818274,1.260596964
8,1.1,1,1.2,0.201058695,0.252444245,0.308962674,0.372905171,0.447206565,0.535777051,0.656454258,0.794694336,0.981001463,1.227229201,1.569983326,2.007819807,2.118118988,1.667982277,1.354231586,1.157446965,1.035419251,0.95859231,0.920898277,0.909164231,0.917245224,0.94084328,0.982472213,1.029689188,1.085899352,1.150050608,1.225864306,1.304898605,1.393720942,1.486045932,1.58678008,1.691835385,1.800039216,1.913157023,2.054763995,2.319120023,2.269247909,2.037915606,1.93345083,1.883423013,1.869662375,1.913804193,1.99566069,2.101263131,2.173023771,2.152651046,2.062666497,1.967760743,1.902095329,1.869544905,1.868435116,1.890430043,1.923510948,1.9557358,1.975130328,1.97304351,1.94781614,1.903455624,1.848694841,1.789636359,1.731812186
8,0.7,1,0.2,0.508497538,0.599715794,0.692674723,0.801408264,0.939689235,1.104458632,1.305166947,1.552978624,1.818418553,1.971597098,1.841896624,1.604444777,1.406959152,1.263360228,1.166881535,1.105667339,1.07333579,1.064812572,1.076091593,1.103969127,1.145835454,1.203365077,1.268073435,1.345770739,1.425773103,1.512112151,1.601472394,1.688637299,1.768129657,1.833240413,1.896661642,2.256044259,2.061768221,2.147611983,1.888550949,1.831951802,1.811343079,1.810649095,1.827100863,1.853770782,1.883517805,1.904208958,1.908885151,1.893816117,1.859544269,1.813905718,1.76004086,1.70527572,1.650168875,1.601573284,1.547768847,1.502534136,1.461132508,1.421430147,1.387722971,1.359377313,1.333580626,1.307006108,1.286911662,1.271285325,1.260848808
8,1.1,2,0.4,0.184791263,0.241765068,0.305561329,0.378843822,0.464972592,0.568321922,0.707304349,0.867918346,1.081450529,1.362147928,1.725451618,2.086018417,1.943372743,1.575865872,1.319112363,1.146825712,1.028954992,0.955002904,0.910064278,0.887299134,0.881829742,0.890077727,0.909358418,0.937620577,0.979010383,1.021538708,1.069326924,1.121567531,1.181791169,1.241787273,1.304580875,1.373177991,1.441071282,1.516573155,1.595993751,1.679860173,1.717835256,1.779499955,1.855813833,2.136076187,2.006478888,2.032532372,2.310762298,2.341031516,1.955636098,1.84409299,1.78203041,1.743978006,1.725649653,1.732531222,1.797981474,1.745775639,1.766011614,1.794646098,1.833039625,1.858466106,1.860735722,1.863381922,1.854840675,1.835593819,1.806873799
9.5,0.7,0.5,1.2,0.773348825,0.887101737,1.011470832,1.164855928,1.347014699,1.548077857,1.740615857,1.83709853,1.76995037,1.611084607,1.451689117,1.321791739,1.222696908,1.155217854,1.113509526,1.095674389,1.100762345,1.12904432,1.182419561,1.268769801,1.391558365,1.578901836,1.87066748,2.328040592,2.245161101,2.249536909,2.15694068,1.929648718,1.809262511,1.764361025,1.790260049,1.822772807,1.880010986,1.936212394,1.976295826,1.992024875,1.980488597,1.950500831,1.914330598,1.885304545,1.869804338,1.87625198,1.905841334,1.951317454,2.003384485,2.041981324,2.04722772,2.01469985,1.955218076,1.896933597,1.814272084,1.750322643,1.699186147,1.665736265,1.652061594,1.674382842,1.744417935,1.893314257,2.137014366,2.380227024,2.129013502
9.5,0.7,0.5,0.2,0.855549974,0.976471064,1.122784361,1.289579199,1.475987583,1.653582165,1.761932641,1.740727349,1.621616495,1.479537697,1.354363104,1.253134586,1.179502666,1.128179772,1.097331477,1.085421152,1.091478623,1.115308198,1.157992483,1.223366721,1.327137432,1.505927612,1.936300052,2.299553986,2.046119403,2.320036455,1.874348779,1.848315448,1.884198143,1.916402105,1.925065369,1.913154114,1.889504556,1.871988575,1.871494754,1.894201483,1.938424194,1.988266223,2.023278747,2.02020603,1.977514532,1.909458056,1.834215482,1.762176206,1.698157499,1.646199013,1.604047214,1.576958209,1.565130501,1.572355511,1.601484986,1.662826371,1.763478408,1.898556272,2.0693752,2.223385674,2.225734564,2.037238983,1.867825287,1.736889645,1.644003339
9.5,1.3,0.5,0.6,0.707281229,0.800622841,0.917773814,1.051899877,1.208540477,1.390099823,1.595575884,1.78078784,1.862304171,1.782887837,1.624042525,1.469552031,1.344489428,1.251282313,1.181153948,1.136705668,1.111590548,1.103386353,1.110149496,1.130360336,1.166907824,1.211819243,1.268334407,1.34082771,1.425458402,1.535970504,1.694529509,1.986898954,2.545698505,2.081579257,2.173369721,2.279301815,2.175261014,2.065561177,2.010321699,1.972018055,1.933760335,1.893854668,1.854439122,1.819570942,1.793160396,1.780504724,1.78251037,1.8007035,1.836232176,1.884175161,1.936408757,1.98468462,2.019387642,2.019935085,1.983517797,1.967441514,1.875567256,1.817661436,1.775624904,1.757367476,1.777643682,1.870020725,2.086170854,2.393292742,2.152374222
9,0.9,2,1,0.34473167,0.412543015,0.489814096,0.591537271,0.700876084,0.833621479,1.00666272,1.222084588,1.500541801,1.826189162,2.042885606,1.851013111,1.558149501,1.340329018,1.190032116,1.091859762,1.027559956,0.99756807,0.9923826,1.013118154,1.048625349,1.101648245,1.171470306,1.262401996,1.370874345,1.499550851,1.651761678,1.834815666,2.063800901,2.343114198,2.293835391,2.120702493,1.986551333,1.823240113,1.721106675,1.66152574,1.620324869,1.614370788,1.635728099,1.673488621,1.729218258,1.795206663,1.863943917,1.925944988,1.972328661,1.990269455,1.976823555,1.940083709,1.892800616,1.847062455,1.813555979,1.826000811,1.785383882,1.79285244,1.814943299,1.84559167,1.878387587,1.906256594,1.923807351,1.924597434,1.908928583
9,0.7,2.5,1.2,0.245519989,0.311507744,0.386713713,0.474436046,0.578866452,0.718711284,0.878333911,1.089080113,1.362894509,1.711002203,2.051704327,1.950215317,1.60573745,1.354276494,1.186340858,1.079668387,1.01292982,0.984762994,0.985045947,1.01439056,1.061946674,1.130408039,1.222726783,1.333787173,1.470629346,1.634321946,1.824399042,2.040613179,2.277533234,2.334228615,2.102743172,1.954019129,1.76323442,1.643969721,1.568469404,1.50239182,1.468103308,1.458429337,1.46964454,1.508069406,1.61930553,1.778870492,1.665396671,1.725359647,1.817683122,1.888834476,1.934821671,1.979681277,1.995178601,1.978698346,1.939158569,1.888945745,1.840044275,1.801265742,1.774483425,1.764026722,1.768385187,1.785624229,1.812163592,1.843024073,1.872273026
8.5,0.9,2,1.2,0.115532106,0.194365446,0.257221919,0.329332701,0.414003613,0.515564142,0.651099123,0.809004348,1.018719489,1.29350209,1.667281864,2.082584474,1.992232815,1.586473214,1.314239432,1.137995581,1.022620586,0.955704225,0.921528351,0.912916621,0.924920818,0.954092732,1.003058208,1.061029886,1.131530359,1.217663628,1.313542514,1.425181937,1.550631133,1.69085297,1.846377052,2.022062005,2.23907742,2.339789303,2.116208836,1.957519877,1.826262598,1.728936908,1.663139073,1.636902973,1.616631375,1.63508184,1.675426965,1.738794794,1.83256903,1.892330749,1.966127045,2.016614743,2.028927444,2.000330779,1.947200257,1.889462496,1.83880333,1.805704981,1.791151675,1.793549535,1.81238648,1.842747486,1.875837816,1.905488717,1.924848504
9,0.7,2.5,0.2,0.522200123,0.62351953,0.729658943,0.855263863,1.015126457,1.205350026,1.43494741,1.688025451,1.87903456,1.850013015,1.654823857,1.457905327,1.302926127,1.187174323,1.106360605,1.048342544,1.016362653,1.003047538,1.005946613,1.028020505,1.059029773,1.102429378,1.157844671,1.229413465,1.311212246,1.411746511,1.531804105,1.678609073,1.870385175,2.161538018,2.589429302,2.196711327,2.007815188,1.894376151,1.855464272,1.860001154,1.887686927,1.90454934,1.911315482,1.905082279,1.883712431,1.852763279,1.819507029,1.786812959,1.761486375,1.744039864,1.738956194,1.745227923,1.761880182,1.787505487,1.817471403,1.840177816,1.858215193,1.864973109,1.8584329,1.839394686,1.810638167,1.775713701,1.736701904,1.700294568,1.673261824
8.5,0.7,2,0.8,0.321200648,0.388183226,0.464420584,0.553251628,0.671795062,0.802709338,0.973081712,1.186605621,1.463129944,1.801812409,2.05510301,1.888845816,1.57640456,1.345571387,1.188252193,1.086137677,1.019544888,0.98782311,0.980940723,0.994856539,1.032018474,1.080987883,1.145380784,1.228920229,1.325379632,1.44264242,1.579574052,1.740625203,1.925095775,2.136856111,2.392974514,2.233693227,2.014776301,1.859747399,1.778581075,1.777618986,1.772006078,1.769863532,1.819792307,1.883089477,1.942709265,1.982871503,1.993864889,1.973598223,1.933319732,1.888561483,1.848875687,1.822781146,1.815007802,1.824627645,1.846865574,1.871630216,1.896356184,1.912005835,1.910582001,1.89083992,1.857850835,1.81551634,1.768409163,1.733453049,1.692223479
9.5,1.1,2,0.2,0.638241,0.728722428,0.833535702,0.967018528,1.123198008,1.308621131,1.530011402,1.752800233,1.887374508,1.817054517,1.629775449,1.448186885,1.303810537,1.194403425,1.117346616,1.06507769,1.029792462,1.016243128,1.022676885,1.038954555,1.068016245,1.109141866,1.16213485,1.231870385,1.312531919,1.415383363,1.546169336,1.734401187,2.063327503,2.420299737,2.227878934,2.2226941,2.100943156,1.915247614,1.874531728,1.858417639,1.866151816,1.875506935,1.882202826,1.867069774,1.846261587,1.817261678,1.786565982,1.755637565,1.730638287,1.711666709,1.703686197,1.706369003,1.719997984,1.743736198,1.777279222,1.817943936,1.867157575,1.87963546,1.896991237,1.902340468,1.891951036,1.867796298,1.836338716,1.80169228,1.792975946
9.5,0.7,0.5,0.8,0.792305803,0.914135027,1.053913892,1.216710489,1.403062176,1.606229848,1.768520095,1.802908559,1.693453189,1.536338258,1.390712643,1.275092026,1.191618949,1.134147919,1.100601462,1.089482041,1.100301934,1.133952694,1.193469855,1.289488852,1.435296364,1.674822027,2.112767896,2.305697954,2.188522998,2.285937965,1.972549869,1.842984879,1.804476155,1.835856915,1.88856517,1.935422959,1.961589345,1.960432058,1.936044412,1.902859999,1.87495562,1.864817672,1.877173472,1.913329427,1.962711993,2.01044852,2.032756648,2.012971375,1.95996052,1.888550117,1.81355466,1.744625878,1.685580197,1.64003599,1.606842894,1.59381513,1.604424701,1.650368445,1.758495133,1.882111575,2.083532245,2.283142997,2.206286094,1.969714544,1.785933779
9,0.9,2.5,0.8,0.319010807,0.386554712,0.463718127,0.553996513,0.674900476,0.809025862,0.984162711,1.204181334,1.488824018,1.832774973,2.056560294,1.835164055,1.529460133,1.310327524,1.158670087,1.05877124,0.992013726,0.957902049,0.946889876,0.95513308,0.979926275,1.025097744,1.079164101,1.146537452,1.231740853,1.327908243,1.44397238,1.580947579,1.738886587,1.931376356,2.181533387,2.411986488,2.213416188,2.042436037,1.896007912,1.784989704,1.714285224,1.69192821,1.884798302,1.727282293,1.769019262,2.125828733,1.858366326,1.899579335,1.938148564,1.956793661,1.950581114,1.921570879,1.879322609,1.834634896,1.798518089,1.761986667,1.732272221,1.720436679,1.721791167,1.735059649,1.758153787,1.787952287,1.820379429,1.85069278,1.875265001
9,1.3,2,0.6,0.350335003,0.412826348,0.483307747,0.564778532,0.674689092,0.793265841,0.947474418,1.138343407,1.383570753,1.690153364,1.99857374,1.99661518,1.694802,1.437478695,1.252106631,1.127123719,1.042373052,0.984443017,0.954441407,0.943464657,0.948005486,0.965441359,0.999461965,1.038039643,1.085150038,1.140055592,1.206743952,1.277160069,1.358450471,1.445444804,1.545093778,1.657276468,1.790721739,1.96579914,2.260855561,2.353892203,2.120631662,2.054445104,2.003073343,1.954638364,1.945177421,1.946317825,1.973035974,1.998077898,2.007190207,1.986223375,1.944573166,1.890187067,1.835129536,1.786173015,1.744672908,1.713885915,1.696728505,1.692359997,1.711398353,1.714325049,1.737756072,1.769086466,1.801876289,1.833569911,1.861510211
8.5,0.5,1,0.2,0.613869587,0.714895356,0.832678831,0.981035013,1.155416438,1.36477126,1.598792344,1.808451139,1.864987254,1.724754327,1.532749669,1.371860377,1.249412403,1.16518338,1.110961326,1.082622732,1.076851483,1.091077512,1.123347091,1.172249135,1.240463851,1.322109745,1.433493882,1.543890489,1.691865844,1.897150304,2.338311927,2.278622909,2.174999204,2.065731287,2.031483153,1.988747225,1.938947418,1.889630413,1.857080761,1.843933284,1.852919191,1.876846289,1.906274975,1.925961216,1.926305739,1.903458529,1.860100744,1.805939879,1.745558599,1.684622181,1.627734949,1.57288558,1.525503727,1.479980559,1.437996795,1.403220639,1.37333343,1.347850566,1.327724636,1.314307446,1.307305715,1.308037318,1.322276475,1.358383933,1.422678753
9.5,0.5,2,1.2,0.548641952,0.656177285,0.76870326,0.911147624,1.080966226,1.287182187,1.54000031,1.804106845,1.940376728,1.802277629,1.571117809,1.380059155,1.242526359,1.153999007,1.105720957,1.095035587,1.121350442,1.186089705,1.296486511,1.456618172,1.681274636,1.990378831,2.329807839,2.341332394,2.191554723,1.875917903,1.819820555,1.545535121,1.451321742,1.394851878,1.368686028,1.364089184,1.377198741,1.408223101,1.449063409,1.500555419,1.563819337,1.634124307,1.705791553,1.780843033,1.849026788,1.903188449,1.937247798,1.942285598,1.924362889,1.890449383,1.853419069,1.823247997,1.808534911,1.813287389,1.827887713,1.858366074,1.894744966,1.928814076,1.948699169,1.948667503,1.92795433,1.899280677,1.841665083,1.787569556,1.735779519
9,0.9,0.5,0.2,0.667023502,0.765774864,0.888455415,1.024911265,1.192592843,1.390972957,1.606283748,1.79520922,1.848308147,1.73191468,1.560013603,1.404075931,1.282413582,1.195464508,1.135743813,1.099702062,1.08422351,1.086729494,1.105087096,1.137508307,1.182473673,1.242654188,1.310203731,1.39140864,1.486012503,1.592346268,1.807978681,2.211878173,1.973159776,2.50091244,1.981349297,1.925216112,1.895995225,1.880097404,1.843536843,1.834443209,1.843696723,1.87143876,1.913667804,1.957008554,1.984383075,1.983282416,1.951301547,1.896157515,1.83097513,1.764607348,1.703951352,1.648261794,1.603992717,1.566230561,1.537511814,1.523935772,1.527535716,1.55876046,1.61264293,1.713556762,1.871543671,2.086128297,2.292741904,2.198849167,1.954627167
9,0.9,0.5,0.6,0.616344751,0.707623784,0.813273188,0.9465426,1.102291147,1.287092877,1.505459812,1.735053348,1.886354456,1.836185612,1.654860812,1.473414407,1.329553416,1.222311861,1.149739681,1.104029938,1.081307585,1.078480258,1.093138409,1.12344487,1.168077621,1.229956622,1.302600858,1.393119715,1.500530267,1.644948455,1.8749538,2.429154485,2.141325736,2.231170082,2.24704149,2.127627038,2.076779207,2.020792066,1.968353925,1.920274174,1.881014632,1.857648382,1.856137491,1.875768215,1.913752594,1.95744295,1.994232219,2.005697876,1.985289149,1.936777675,1.873408761,1.805949873,1.744234019,1.68524507,1.633494573,1.594548676,1.568097049,1.558119404,1.578570179,1.612576669,1.696930556,1.84933356,2.0805185,2.331857307,2.195513032
9,0.7,2,0.8,0.39388271,0.470266414,0.558127246,0.674213067,0.799867655,0.960600331,1.156638254,1.402539298,1.69609171,1.956905706,1.93942398,1.684925093,1.452573432,1.280481957,1.16516983,1.089911948,1.04746917,1.028655884,1.042578492,1.074782916,1.128514953,1.203925158,1.306602049,1.43524212,1.59526295,1.795290289,2.044291894,2.345705259,2.332584955,2.072465002,1.953693301,1.749476461,1.664456288,1.626598278,1.621671106,1.650400899,1.741997546,1.748816413,1.813044021,1.875985829,1.929204393,1.959924391,1.963539744,1.941322453,1.904055751,1.863576373,1.831014681,1.810154219,1.806564706,1.818712414,1.844321782,1.873217263,1.902652823,1.920653562,1.922114675,1.90535024,1.872102726,1.830236002,1.78596788,1.77564145,1.691266145
9,1.3,1,0.6,0.492436544,0.568050003,0.668372556,0.772186933,0.904032225,1.05570703,1.252714003,1.488243611,1.754211853,1.951431324,1.885666966,1.656823282,1.448104577,1.291213693,1.177850943,1.101862807,1.053749729,1.028361969,1.021763463,1.03092133,1.053472744,1.087564935,1.131747814,1.188679055,1.250873013,1.320999725,1.402703734,1.493486746,1.595755668,1.728449578,1.937672392,2.425886156,2.131075659,2.080178715,2.149418769,2.192891437,2.155948047,2.089363554,2.021054799,1.957163951,1.896246664,1.843591051,1.800478283,1.769034141,1.752489512,1.750387891,1.762792474,1.788300322,1.823706606,1.865526316,1.905073657,1.933867917,1.944713569,1.935678128,1.908654387,1.867674614,1.821513654,1.772394437,1.728332679,1.689122869,1.665930462
8,0.9,0.5,1.2,0.333432879,0.392171687,0.457601556,0.532272314,0.632442437,0.738862831,0.876629723,1.041988864,1.265792191,1.55419586,1.910531609,2.113585974,1.821494777,1.507483868,1.295743789,1.156384297,1.071615307,1.025279853,1.008183066,1.013778079,1.037357983,1.075527771,1.12583535,1.190713357,1.261468372,1.343727814,1.430985424,1.527679793,1.629355271,1.733652675,1.837205707,1.939246589,2.064378349,2.356952971,2.195906501,2.035756862,1.988687222,2.066620388,2.20376156,2.264762233,2.161974204,2.037641467,1.96064632,1.93218123,1.940974519,1.971904517,2.004904001,2.024415673,2.014502447,1.977730069,1.91869706,1.850088653,1.781020169,1.720691574,1.653602597,1.598704426,1.549204888,1.508882894,1.474321786,1.452746916,1.446478454
9,0.3,1.5,0.6,0.63597635,0.74599318,0.882765743,1.038504096,1.234781865,1.457389651,1.694568902,1.847275782,1.793630482,1.614977367,1.437080063,1.297530747,1.195837887,1.13091548,1.097123621,1.093389695,1.120760268,1.183039723,1.29147697,1.45795748,1.711261953,2.097463621,2.544860713,2.161648564,1.822058501,1.627029244,1.641383412,1.552835082,1.572908318,1.627160006,1.699737063,1.778104837,1.852169776,1.910578021,1.941987318,1.942633003,1.921706613,1.890637113,1.864556192,1.854490955,1.862652581,1.886235247,1.916320675,1.940073067,1.94645581,1.92637981,1.886077474,1.831052879,1.771645641,1.71031185,1.653314168,1.598663259,1.550830595,1.508337063,1.470180561,1.437540005,1.408036628,1.386761074,1.37297944,1.366197542,1.374857805
9.5,1.3,0.5,0.4,0.730041996,0.826052236,0.946809519,1.084796807,1.245075671,1.431835646,1.629761151,1.793935652,1.835005104,1.728794269,1.570144967,1.423334155,1.303906802,1.21205551,1.147654168,1.104653881,1.080297289,1.072269147,1.078677054,1.097988214,1.128985603,1.17076747,1.226739746,1.29019475,1.368954449,1.463555799,1.601012572,1.861251964,2.570660655,2.005507319,2.103439111,2.420446454,2.122646687,1.982451686,1.928231241,1.894964182,1.869373647,1.83263253,1.804638652,1.78527944,1.776362234,1.78093182,1.800766207,1.837027505,1.88384815,1.936763575,1.98299447,2.009068922,2.004650557,1.972145508,1.920938202,1.87415207,1.810484668,1.768497361,1.749104717,1.80403689,1.843644109,2.018747516,2.302504905,2.2778782,1.958355369
8,0.9,2.5,1,0.003799757,0.048847019,0.097805465,0.176453428,0.241120068,0.318028498,0.412119606,0.530531956,0.695239773,0.904047274,1.209458565,1.655179598,2.220599324,1.852012097,1.377777171,1.109825608,0.944179481,0.845310032,0.788219274,0.760600649,0.75454277,0.764769772,0.787687049,0.820819515,0.862464231,0.911470231,0.972956234,1.035681151,1.104662502,1.184042612,1.267104239,1.360758164,1.460613474,1.572831057,1.695711539,1.831606176,1.978837292,2.151291844,2.389334665,2.206203085,2.023567816,2.031589987,1.843828485,1.785332884,1.781590258,1.831857041,1.937049074,1.953557088,2.014348475,2.05171939,2.042457104,1.99234768,1.929501432,1.862634434,1.808012403,1.771447017,1.754217328,1.753909804,1.767995916,1.792720653,1.82331186
9.5,1.1,1.5,0.4,0.656053507,0.749024531,0.864814406,0.993665079,1.153518668,1.346014527,1.56448413,1.780845276,1.889616547,1.800500978,1.615278927,1.441163188,1.303570278,1.199711324,1.127668144,1.08020569,1.053925487,1.046228622,1.055231495,1.079688976,1.118993095,1.173286527,1.247910768,1.339064384,1.461050032,1.63077018,1.897719789,2.385901585,2.20056047,2.199895887,2.202623558,2.034139196,1.946026818,1.869789561,1.864680279,1.879946198,1.89756591,1.898185611,1.887276416,1.865638014,1.83508456,1.802173562,1.773347452,1.750123904,1.738319375,1.738562177,1.751635437,1.776709358,1.811066286,1.851554981,1.88922118,1.926328725,1.930369339,1.923122745,1.899085149,1.862814245,1.81923233,1.775544242,1.729860277,1.692271732,1.663792313
9.5,1.3,0.5,0.8,0.707270514,0.800970925,0.918913618,1.054559957,1.213924409,1.399899225,1.611269603,1.798518581,1.865907471,1.760545129,1.586851577,1.428579605,1.301466983,1.204974151,1.138037191,1.093965131,1.069594699,1.062363632,1.070254607,1.09171055,1.125579014,1.171102147,1.231971663,1.301578719,1.387898363,1.492138216,1.625903777,1.823885935,2.192641369,2.37998182,2.106357566,2.168085211,2.203882254,2.139544916,2.074368491,2.033507039,2.000320495,1.959937808,1.917340555,1.872105941,1.831101088,1.798382802,1.774280731,1.764411364,1.769187144,1.789428987,1.825829157,1.872222256,1.925391409,1.974303449,2.006099513,2.02185451,1.987448233,1.941455552,1.888649405,1.836403186,1.796407065,1.786966213,1.836718165,2.019605586,2.406613756
9.5,0.3,1.5,0.8,0.76524456,0.895868203,1.047958638,1.227823687,1.440317632,1.667620229,1.833775502,1.81983731,1.657980159,1.476495693,1.330181755,1.220842846,1.150728855,1.11547441,1.117479886,1.163569916,1.270917256,1.463738613,1.795928934,2.311682562,2.246169021,2.31318571,1.861993139,1.560785522,1.437328037,1.399984487,1.40608094,1.441318449,1.511473358,1.595805854,1.64070823,1.720803152,1.801182822,1.87268965,1.924523656,1.949843394,1.947115187,1.922909289,1.891835005,1.868518299,1.859575134,1.871413407,1.900996449,1.936365422,1.96406791,1.969898544,1.947711359,1.903175834,1.841766426,1.777072875,1.715737117,1.658226507,1.621897575,1.584567345,1.523046815,1.489347114,1.465789111,1.452984969,1.455065289,1.484002928,1.540605422
9,1.1,1,1.2,0.397192117,0.472295528,0.55869522,0.673069183,0.796594157,0.954490346,1.146608811,1.38369062,1.671835092,1.938182208,1.942906104,1.699745518,1.468443404,1.297482666,1.176483845,1.097319843,1.049364371,1.022752575,1.026425395,1.044593649,1.079570715,1.130060409,1.195390271,1.27966055,1.376461194,1.494457695,1.634227874,1.806623382,2.033894581,2.355663487,2.260593927,2.101587158,2.007453095,1.905696061,1.837631636,1.814067662,1.801168758,1.83632851,1.882487832,1.940421982,1.990046941,2.014798817,2.006398481,1.970320325,1.919868406,1.868660175,1.826451012,1.799000231,1.790695062,1.800500512,1.826761673,1.8653666,1.907400973,1.949310166,1.968656268,1.969315497,1.947617646,1.907104184,1.857480645,1.803526435,1.750169189
8.5,0.5,1.5,1,0.38024452,0.454931706,0.540703182,0.653871744,0.77656017,0.933763326,1.126692602,1.368439854,1.67025682,1.963137385,1.964837259,1.68913555,1.445862771,1.271749397,1.160116248,1.093016692,1.062511615,1.06318628,1.091558724,1.145688457,1.228336673,1.334834402,1.473174613,1.646033777,1.85334037,2.090446936,2.336753012,2.363674264,2.00725282,1.854011529,1.707936971,1.662396666,1.865066933,1.691964482,1.724699793,1.792745238,1.872393509,1.946871892,1.999016002,2.013531254,1.990756196,1.948263637,1.906672702,1.880400534,1.876710406,1.892481747,1.91921164,1.9439378,1.953516552,1.939734329,1.903732677,1.851370397,1.792848848,1.731967566,1.675898151,1.644243032,1.590896522,1.525451123,1.479614351,1.441909884,1.4088392
9.5,0.5,2.5,0.4,0.643137353,0.747909695,0.878849551,1.027353701,1.21636656,1.432926885,1.672633779,1.849452158,1.827603935,1.649578247,1.460853571,1.30893475,1.194837132,1.116477571,1.063018769,1.039098823,1.038966641,1.066963381,1.115793513,1.192422233,1.306817161,1.464756999,1.687986285,2.00126191,2.430838248,2.358251938,1.989607544,1.754194328,1.624944861,1.582524379,1.721932011,1.589653281,1.591029488,1.635807112,1.692493794,1.749620364,1.804739366,1.848724635,1.877942488,1.889219934,1.882781836,1.861303132,1.833675541,1.803873411,1.780305854,1.764611399,1.762413661,1.773044577,1.795640396,1.828584728,1.858284998,1.884849974,1.900720037,1.899165627,1.881025469,1.8496652,1.808888473,1.765790429,1.723137079,1.68632329,1.677963978
9,1.3,1,0.2,0.539592186,0.636227989,0.735419013,0.851735443,0.999526739,1.173932555,1.384634602,1.622317297,1.840399736,1.896858928,1.745896031,1.54521198,1.378822115,1.251472817,1.161500612,1.099754043,1.061458381,1.042766539,1.040617232,1.052536717,1.076481165,1.110721176,1.153756072,1.2082119,1.2658237,1.328755458,1.39968333,1.471913475,1.55401522,1.6489299,1.84764513,2.284605181,1.884440583,2.125036767,2.219536251,1.916523192,1.84781011,1.810965398,1.780163163,1.754371465,1.73956225,1.726624343,1.727659813,1.74065235,1.765176936,1.799095682,1.839864024,1.878259086,1.909597324,1.924148173,1.919332814,1.896229253,1.863348214,1.813358138,1.766027431,1.721159367,1.723089508,1.649419222,1.617751825,1.612720433,1.653562963
8.5,0.5,2.5,0.6,0.377963528,0.452320961,0.537952767,0.651310761,0.7747833,0.933568223,1.129266758,1.375166385,1.680964295,1.96759079,1.940747941,1.659743701,1.415293449,1.241920366,1.124286768,1.042751784,0.996746095,0.975932241,0.976138295,0.999240585,1.034328498,1.084483784,1.149211847,1.233275415,1.330025146,1.449194667,1.592445765,1.760104233,1.952439252,2.165913745,2.477838568,2.337833717,2.180760931,1.900383845,1.819350541,1.762546887,1.765107602,1.805934274,1.856586957,1.90579372,1.938933489,1.949249591,1.934759709,1.90455905,1.866430935,1.830902166,1.806229122,1.794896368,1.798701022,1.82385582,1.837434569,1.862964393,1.884149283,1.89425599,1.889525111,1.869866802,1.8381931,1.797575677,1.754789514,1.712723787,1.682098695
9.5,0.7,1.5,0.4,0.718018815,0.825734544,0.961227784,1.118642106,1.303112687,1.515784747,1.72590195,1.839975168,1.774793937,1.608631526,1.44122992,1.305851221,1.202828393,1.131532018,1.085648874,1.062605035,1.060772187,1.079579579,1.119735666,1.183792577,1.281413955,1.422124588,1.639887688,2.020900247,2.408989218,2.268740305,2.224759908,1.917834997,1.781677711,1.725360225,1.732691222,1.771341438,1.81755869,1.858965901,1.886077582,1.894013706,1.883445141,1.858898806,1.829538374,1.804767178,1.78798739,1.786393531,1.800102344,1.829143044,1.866322193,1.904734928,1.935563494,1.946890729,1.936042364,1.903160007,1.855694761,1.803633982,1.749335945,1.700323068,1.674092191,1.614887595,1.580073938,1.556119654,1.544542486,1.551376457,1.592522472
8,0.7,0.5,0.4,0.527152641,0.616750153,0.706676396,0.811327321,0.945025994,1.10369078,1.297004116,1.538820118,1.807386655,1.993572613,1.891343927,1.646469844,1.438227336,1.287654813,1.184497881,1.122479632,1.091543809,1.086080092,1.101619691,1.13459342,1.185962822,1.246795492,1.321309397,1.402869166,1.495654524,1.587393043,1.681816216,1.769938557,1.842976631,1.892654189,1.940890585,1.94965381,2.1946548,1.910255165,1.863194734,1.871932312,1.881803232,1.912584062,1.944036132,1.961113505,1.95363805,1.920610112,1.867834922,1.805435269,1.740317704,1.67653704,1.618044431,1.562311689,1.513774114,1.467740199,1.427153642,1.392327445,1.360294309,1.337498163,1.330656537,1.305615109,1.301213171,1.30911053,1.33369328,1.386885544,1.477340513
9.5,0.3,0.5,1.2,0.849233246,0.974479935,1.127685797,1.308892895,1.508915081,1.698942027,1.799442642,1.741786433,1.592825667,1.437850769,1.310655733,1.214185325,1.150808185,1.116651711,1.113049853,1.144593544,1.221591278,1.369163855,1.630949669,2.086005432,2.308198732,2.19087031,2.280297167,1.782101865,1.611767735,1.561270949,1.577073708,1.630438119,1.700825451,1.787788996,1.875184536,1.951113538,2.00033025,2.011740836,1.990903205,1.958328365,1.935440449,1.938290378,1.970407311,2.019212141,2.062705064,2.070132079,2.02799659,1.955274442,1.871397073,1.786830663,1.713795254,1.652588472,1.612877678,1.568935908,1.546119341,1.543500414,1.564497154,1.618889011,1.714442243,1.862722777,2.066334884,2.274961544,2.234978345,1.997925286,1.807519456
8.5,1.1,0.5,1,0.392657933,0.459807041,0.535814093,0.636477075,0.74212315,0.876230218,1.032576892,1.2366929,1.486892226,1.782194719,2.023379841,1.945436999,1.680697759,1.457406133,1.299506322,1.189897982,1.121697305,1.082825519,1.067485705,1.071306865,1.090964166,1.123902143,1.172737507,1.227637897,1.291226924,1.366692399,1.448633455,1.53441532,1.628277825,1.727156096,1.83475845,1.980403901,2.330160371,2.211654411,2.061612615,2.072169605,2.150273154,2.240425595,2.207294191,2.086758522,1.980090884,1.906235118,1.865137222,1.853923823,1.867184265,1.898771159,1.940786765,1.978613524,2.001318964,1.995876905,1.965210331,1.91698738,1.853143731,1.78965987,1.729005502,1.676273291,1.635072095,1.592385696,1.568436827,1.567610093,1.611478069
8,0.3,1.5,0.4,0.51975707,0.620961591,0.726716114,0.851727856,1.01150818,1.203209211,1.438757462,1.706812722,1.919985402,1.883685549,1.663051051,1.454432326,1.298048008,1.187835598,1.118478948,1.080913098,1.070531702,1.084018789,1.119134453,1.174601544,1.25418504,1.352000868,1.477400543,1.633957172,1.824809995,2.02948984,2.2146894,2.476994524,2.082263539,1.91613511,1.88184116,1.920226625,1.977063524,2.011775682,2.003206875,1.96334264,1.9167393,1.882444201,1.869947245,1.876698217,1.894967619,1.913199529,1.919892881,1.907877613,1.876684107,1.830076086,1.776560803,1.720293052,1.671435017,1.607774693,1.556448804,1.507375244,1.464201515,1.424624211,1.388488381,1.355621973,1.325936698,1.296617247,1.272408773,1.25087354,1.231941747
8.5,0.9,0.5,1,0.420667338,0.494482496,0.590594818,0.691141952,0.810525073,0.963189989,1.147792109,1.378249252,1.653160219,1.923785737,1.968539373,1.740521699,1.503033472,1.326868086,1.202356463,1.121566425,1.07315951,1.050991235,1.050429851,1.067960863,1.100902691,1.147210261,1.209095959,1.278813786,1.361425377,1.451450841,1.553314424,1.664597471,1.78824898,1.945478236,2.280716492,2.236384335,2.102750534,2.088911305,2.138974022,2.187314019,2.150685395,2.063616071,1.976279651,1.911617144,1.878434289,1.872459666,1.892141646,1.929072665,1.967765038,1.995341517,1.996367655,1.967169924,1.916844369,1.853601581,1.787352943,1.723228478,1.663270631,1.609925446,1.566563418,1.533113755,1.510147138,1.499777098,1.518709798,1.577470433,1.711504005
9.5,1.3,2,0.6,0.495786124,0.582719382,0.670408589,0.773156118,0.904529508,1.061308224,1.253266306,1.49107095,1.762905128,1.969207848,1.897176429,1.655275965,1.439713138,1.275369453,1.161181264,1.081748448,1.026401047,0.998003682,0.988595917,0.9953995,1.021541709,1.055851319,1.101919716,1.159124628,1.231804449,1.312416046,1.409499258,1.521721641,1.656270249,1.822563227,2.056141057,2.393291537,2.251134657,2.147306149,2.076681888,1.985532058,1.906426069,1.850641278,1.831474389,1.846782602,1.87233434,1.940169938,1.931565298,1.93921198,1.930656356,1.903929847,1.864321311,1.818833637,1.773520809,1.734352522,1.701323697,1.679454916,1.670166971,1.709195111,1.678392114,1.691957856,1.717121586,1.748910025,1.785617008,1.821497279,1.853970627
9.5,0.5,2.5,0.6,0.585806258,0.684177354,0.799386281,0.945348204,1.118731714,1.327065686,1.575773944,1.815469834,1.901302921,1.750905389,1.538168875,1.360195909,1.227994055,1.137334882,1.079631114,1.047307068,1.049893628,1.075185482,1.128070068,1.211299917,1.334872056,1.506536404,1.74052126,2.060466373,2.469988702,2.310018329,1.984119868,1.752077235,1.609119994,1.530563537,1.50285007,1.519700196,1.795715753,1.648794276,1.629438403,1.6759038,1.735009225,1.794983168,1.845749034,1.884044628,1.90242242,1.899699237,1.881355808,1.851447867,1.81980234,1.790804959,1.771841069,1.76385119,1.771901662,1.797396332,1.819954164,1.852490235,1.882591033,1.903904761,1.908674751,1.896256817,1.869075907,1.830914896,1.790031526,1.754595906,1.818874674
8.5,0.9,0.5,0.8,0.452481589,0.527737372,0.626287297,0.728691721,0.849809812,1.004875743,1.190734368,1.420288129,1.689234114,1.937243096,1.96575572,1.755939226,1.534853828,1.365535983,1.249683909,1.168929004,1.122635392,1.101422751,1.101011595,1.118070685,1.154151638,1.1996667,1.256530174,1.327193619,1.403917631,1.492164106,1.587648107,1.690080684,1.803155949,1.949362816,2.331210496,2.157739987,2.11000274,2.222679502,2.269227302,2.139431481,2.008894271,1.924053664,1.876223739,1.859127182,1.869578119,1.899386751,1.939269124,1.972548549,1.986074135,1.971673435,1.931501216,1.873724256,1.809067608,1.744296263,1.685228436,1.633982947,1.578669876,1.537683013,1.503311266,1.482005051,1.47529598,1.504165275,1.53341245,1.624738538,1.801268013
9,1.3,0.5,0.8,0.524099676,0.614261813,0.705561598,0.812344075,0.948451973,1.109740445,1.304661124,1.540411418,1.795877946,1.951079088,1.854582043,1.635304776,1.440266973,1.293138228,1.186410547,1.115228968,1.07070979,1.048156791,1.043916887,1.055138438,1.079577885,1.115461138,1.161385174,1.220473379,1.284423081,1.359315708,1.439698856,1.531662646,1.635975729,1.765280506,1.97444141,2.482273508,2.14632789,2.084473332,2.23345079,2.237667717,2.207544165,2.117153305,2.028003381,1.948460735,1.886997621,1.840981607,1.811423469,1.800717572,1.807829611,1.831724448,1.870522998,1.915376301,1.959634305,1.990456976,1.997485985,1.990113507,1.941303746,1.880057436,1.822122348,1.774995499,1.723751156,1.694027086,1.695108636,1.758565897,1.949006906
8.5,1.3,0.5,0.2,0.461975694,0.53795382,0.637770862,0.741394528,0.871678138,1.021243803,1.209473029,1.440909531,1.706721863,1.930410497,1.918419812,1.701944072,1.487828069,1.324591125,1.206641997,1.128274824,1.079380824,1.054501407,1.049370956,1.060624896,1.085564427,1.121981933,1.168023524,1.226946145,1.28877053,1.360000139,1.437129659,1.523129979,1.587271851,1.66215873,1.732273302,1.794559685,1.850210905,2.049423744,1.951981693,2.18780448,2.168312269,1.869738594,1.810863854,1.776811674,1.774139843,1.790899375,1.830817722,1.877495047,1.899455958,1.932529256,1.948935186,1.942923182,1.914948198,1.869767564,1.817549313,1.763895454,1.747482046,1.659931767,1.611552047,1.575386199,1.552021623,1.540178893,1.553626712,1.613011904,1.76267322
9,1.1,0.5,0.6,0.5857797,0.669437801,0.765625536,0.886272668,1.021316003,1.189563122,1.392949457,1.625308712,1.84480207,1.927491912,1.803283618,1.60886099,1.439969897,1.31204412,1.221909923,1.158172256,1.122104554,1.106491347,1.108284819,1.125041368,1.159008675,1.200962279,1.253255243,1.318650223,1.390014497,1.473608038,1.567641241,1.678951064,1.841982707,2.237193309,2.163833269,2.11160492,2.287989252,2.285331499,2.122863111,2.017323542,1.944900242,1.886482702,1.847775769,1.826639695,1.82593332,1.844087727,1.879868161,1.924064591,1.968805919,1.999210681,2.002742476,1.976273938,1.929138842,1.869447685,1.808846603,1.749941153,1.695320155,1.654475181,1.627461481,1.617768431,1.640937861,1.711767319,1.865691725,2.127158321,2.3952505
8,1.1,1.5,1,0.071549113,0.120396261,0.198248701,0.260410592,0.332678685,0.41884653,0.524131805,0.667327289,0.83953718,1.076057291,1.403849689,1.8570938,2.199940824,1.740884636,1.370862998,1.145348451,1.001206985,0.91536662,0.86700276,0.846048303,0.845736094,0.861383748,0.889694513,0.928325492,0.981113243,1.036657843,1.099017534,1.167660802,1.24663862,1.327959255,1.418363034,1.511991151,1.614037753,1.7212393,1.834630159,1.965388018,2.182456376,2.395588203,2.098366551,2.019151553,1.932692991,2.005427806,1.929288395,1.993450397,2.073062528,2.106048978,2.063004961,1.976832385,1.894018374,1.83647514,1.804604401,1.800107387,1.813242372,1.839889244,1.873440213,1.905937725,1.927235707,1.93238768,1.918268331,1.889250085,1.848711643
8.5,0.9,2,1,0.217716522,0.276695037,0.34296387,0.419331173,0.509359831,0.62931126,0.764754584,0.941977451,1.168256193,1.467826464,1.847821306,2.119306484,1.831659007,1.496521233,1.268801927,1.121602664,1.022118266,0.965072026,0.937054259,0.932080684,0.945936777,0.975642725,1.024706871,1.081535299,1.15023607,1.234651698,1.327872098,1.43719099,1.560304623,1.698677192,1.855826353,2.038810503,2.292810153,2.323985637,2.104015831,1.991131159,1.842588388,1.757831333,1.71288421,1.704396425,1.729639204,1.779630108,1.837570995,1.906936778,1.967790477,2.002586757,2.001642305,1.967439677,1.916216197,1.864031826,1.822082427,1.804401845,1.787936321,1.796058291,1.818114012,1.849593383,1.881329664,1.907181278,1.920719861,1.918240372,1.900286435
8,1.1,2.5,0.4,0.185030637,0.241489454,0.304879626,0.378066515,0.464736163,0.569784494,0.712657472,0.880509583,1.107646668,1.41302108,1.815748708,2.148458197,1.8328016,1.468518876,1.227978663,1.07173498,0.964106073,0.897258644,0.857341927,0.837828833,0.8341059,0.842819334,0.861475811,0.888186591,0.921497192,0.96632172,1.010409192,1.058453571,1.109880923,1.168555372,1.226162206,1.286088271,1.351572139,1.416533193,1.489090813,1.627742628,1.629872046,1.735372706,1.743029963,1.79150782,1.851516224,1.992307683,2.183368676,1.985221187,2.154459978,2.387888756,2.054313395,1.88698824,1.800247503,1.747208034,1.712079502,1.692884003,1.686709429,1.70095738,1.705712336,1.727182944,1.770152759,1.782798673,1.808535801,1.830482877,1.845157532
9.5,0.7,1,0.6,0.774258747,0.894166474,1.026362851,1.193577699,1.380837251,1.587525047,1.768048871,1.820943167,1.713854901,1.548999809,1.395183165,1.276358422,1.185612138,1.12522849,1.090071391,1.078757429,1.091226515,1.129281731,1.197729868,1.311179943,1.490997495,1.804408221,2.34074648,2.143015896,2.302981379,2.145225924,1.842536931,1.739892836,1.698988832,1.720757843,1.769876275,1.828599624,1.881673483,1.917266699,1.930243737,1.919760408,1.894211763,1.865652633,1.841513863,1.832256909,1.840991622,1.86798974,1.909540245,1.952853501,1.985587038,1.991840564,1.967919411,1.919169718,1.858248745,1.796454933,1.735414801,1.681649654,1.639229031,1.608558192,1.594709445,1.599868267,1.641170978,1.743256776,1.904812213,2.181707149,2.412191408
8,1.3,2,0.8,0.035211638,0.078547793,0.125198458,0.201621741,0.262241976,0.333687589,0.420320215,0.528359659,0.678602447,0.865056246,1.130116952,1.516990071,2.056284591,2.073799778,1.516593507,1.199826346,1.005535501,0.886892251,0.814450246,0.774066304,0.756715381,0.756387671,0.768965402,0.79156881,0.822152574,0.859248142,0.901795828,0.954956802,1.007072313,1.063088349,1.122790745,1.190298405,1.257880627,1.329165072,1.407654647,1.487152257,1.573163475,1.662454581,1.75368922,1.852793484,1.976339553,2.257176218,2.334269789,2.050212526,2.002596316,1.957933062,1.957966229,2.021229112,2.113211977,2.161485426,2.106044626,1.997138374,1.893373161,1.813826669,1.756614625,1.722991375,1.708457507,1.711302235,1.725455821,1.749342807,1.780182442
9.5,0.3,2.5,0.4,0.726100988,0.842218281,0.988604774,1.159328452,1.362514524,1.584942451,1.780224927,1.829686638,1.702986876,1.524906603,1.366503657,1.244466046,1.158984423,1.103940741,1.078121721,1.082245646,1.119741429,1.197799636,1.333673195,1.54987444,1.887875936,2.384440301,2.407552262,1.885548664,1.622208295,1.489218396,1.433622064,1.499825363,1.655124009,1.470375048,1.50356777,1.559838987,1.621606551,1.687861985,1.751792772,1.807258013,1.850392413,1.878104858,1.884383762,1.874971576,1.852552099,1.827032339,1.802566989,1.787680322,1.784667605,1.795093507,1.817772896,1.848629917,1.884294959,1.906737157,1.916269604,1.907574148,1.881517093,1.842884426,1.797349491,1.748421577,1.70224386,1.659012398,1.635991271,1.661181016,1.568737353
9,1.3,0.5,0.4,0.592600174,0.677692213,0.775855624,0.899522202,1.038582687,1.217380682,1.424166282,1.663411328,1.87318404,1.906432909,1.740254639,1.539047431,1.37198959,1.247184159,1.160394773,1.102219387,1.067783715,1.053128618,1.055083397,1.071082554,1.099014767,1.13710464,1.187743646,1.242605903,1.303628743,1.37324627,1.443857865,1.520591339,1.603022536,1.688369961,1.843018508,2.50019991,1.908947141,2.072250255,2.305757347,1.946671934,1.866024519,1.8243322,1.795908466,1.781343685,1.775939026,1.786396117,1.81133664,1.850124041,1.894826304,1.939685881,1.972116538,1.980957762,1.963580269,1.923232666,1.871614398,1.816523579,1.76763337,1.713333674,1.676075902,1.667405922,1.663067277,1.713802553,1.851341239,2.11445431,2.422305458
8.5,0.7,1.5,0.4,0.453761278,0.536253229,0.644040516,0.758711134,0.903297752,1.071622969,1.287898308,1.543692256,1.812710536,1.945175918,1.798526942,1.567842217,1.377790139,1.238833521,1.143874302,1.081845127,1.046839645,1.034408938,1.041227416,1.064810447,1.10333443,1.155535858,1.224435137,1.303401876,1.399068171,1.510187943,1.640550613,1.798276457,2.021160969,2.47953264,2.231654304,2.099189439,2.007448511,1.983029608,2.003121354,1.991958046,1.972038846,1.932798339,1.887136515,1.84649131,1.819806073,1.80856748,1.8154748,1.836122374,1.864227597,1.892496672,1.909504079,1.909733663,1.891667279,1.858899135,1.810644367,1.758983899,1.707782706,1.657771899,1.609165699,1.567053646,1.551806232,1.494379468,1.453567602,1.422978038,1.396711042
9.5,0.9,0.5,1,0.753399028,0.861794567,0.980093533,1.125750554,1.299258926,1.495234605,1.696123275,1.838579343,1.827998081,1.688842137,1.526314199,1.387736638,1.28005045,1.200868517,1.150797109,1.123578303,1.117234594,1.130561638,1.163241779,1.220187563,1.296885131,1.406051504,1.557566581,1.78649721,2.164971248,2.426880571,2.192285191,2.214020932,2.060970225,1.927605531,1.87925331,1.880437382,1.914838268,1.953601626,1.982274831,1.986867646,1.968974071,1.935733491,1.897541357,1.864085455,1.844477666,1.842308556,1.860133808,1.896712697,1.947478929,1.99948233,2.033731721,2.034565268,2.00207092,1.959845275,1.880445842,1.811546113,1.754377812,1.711474322,1.690796112,1.700637982,1.760391659,1.895484008,2.131815977,2.39711492,2.159885821
9,1.1,0.5,1.2,0.507532193,0.59604026,0.685771869,0.790755548,0.924337387,1.0830164,1.275769964,1.511250314,1.77242081,1.954978421,1.875592828,1.651122598,1.448562327,1.296672587,1.187702902,1.116211457,1.073076624,1.053485533,1.053795177,1.071272303,1.103899663,1.150250409,1.213016802,1.285511121,1.373610178,1.473630151,1.592745753,1.736030019,1.919372903,2.207046982,2.430328367,2.146203891,2.069272581,2.020591765,1.988356591,2.02624928,2.030092869,2.06784849,2.083384916,2.063585327,2.015389947,1.95808928,1.903558581,1.863672676,1.843735279,1.844408344,1.865307782,1.904272698,1.953038777,2.005609016,2.044341754,2.028466651,1.998552287,1.947756188,1.888968792,1.821211882,1.76475319,1.720546094,1.689367622,1.686873209,1.752832679
9.5,1.3,1.5,1,0.510765644,0.598956682,0.687719231,0.791800869,0.925540352,1.085370236,1.281260324,1.526473922,1.798087683,1.978715407,1.868643833,1.622504312,1.411195184,1.256975782,1.150347095,1.07895031,1.032279732,1.013484928,1.01932656,1.038732815,1.074037852,1.124029587,1.188053703,1.270892251,1.368321092,1.483293332,1.620592071,1.792253975,2.023395037,2.327269113,2.277324188,2.147898381,2.070789033,2.065364919,1.886299805,1.804459473,1.757977478,1.741469736,1.75069707,1.784200372,1.833612358,1.899657856,1.948652664,1.979044916,1.990323127,1.973790761,1.935107377,1.884385466,1.831395661,1.783313881,1.745736752,1.747606598,1.711573901,1.700676609,1.710174496,1.73302992,1.76363995,1.800370959,1.842081588,1.880233985,1.905372133
9.5,1.1,1,0.6,0.672323298,0.768886791,0.889497674,1.023628068,1.189747852,1.388023318,1.605832993,1.801180255,1.858474483,1.736812205,1.55770853,1.396068841,1.26993084,1.17893349,1.115223607,1.075196809,1.055909474,1.055189147,1.071580194,1.104334316,1.153524901,1.223841142,1.312845832,1.434318285,1.607621123,1.888400859,2.378892798,2.157890027,2.164174749,2.219803189,2.080523229,1.950468283,1.910477444,1.888895086,1.904487542,1.918976255,1.92433864,1.912842354,1.889090449,1.856112325,1.821780544,1.792024841,1.773280448,1.767418764,1.776478981,1.800526751,1.837146838,1.88267478,1.927307232,1.960096465,1.979740707,1.968716107,1.962312375,1.881361219,1.825929582,1.77510375,1.741267408,1.702394429,1.699644227,1.745214453,1.911926021
8.5,0.3,2,0.8,0.422504978,0.507335229,0.617383282,0.735734948,0.884505653,1.058807781,1.282357559,1.548055305,1.826264626,1.949326804,1.777954361,1.541312962,1.355860402,1.222518511,1.13568865,1.085334614,1.066931363,1.077907606,1.11741496,1.186280563,1.291074527,1.433659984,1.622737104,1.87020229,2.164068387,2.471351275,2.214404255,1.902702818,1.694644395,1.587970836,1.54845453,1.53808335,1.564502701,1.615093137,1.678501585,1.751583851,1.824609398,1.886968113,1.931117153,1.946868724,1.935126112,1.908020356,1.877288786,1.855522635,1.850605559,1.86209721,1.885392379,1.911576831,1.930040897,1.935491449,1.912463905,1.875875532,1.826980535,1.773814736,1.718228304,1.665927481,1.618523785,1.606029376,1.530962822,1.496929134,1.468742632
8.5,0.9,2.5,1,0.076598989,0.128183878,0.210025827,0.277412538,0.356969773,0.453411549,0.573341252,0.738790048,0.949585033,1.236196869,1.644729578,2.139501853,1.927000735,1.470787117,1.194604143,1.020725367,0.914552703,0.851366492,0.819331983,0.810727565,0.820336264,0.844568357,0.880945563,0.927780589,0.989466481,1.055263406,1.129712185,1.216783582,1.31002848,1.416243681,1.533056685,1.661298766,1.800944674,1.953648886,2.13049137,2.364388507,2.237485356,2.038384405,2.008546007,1.817204227,1.739486062,1.923901436,1.700815719,1.751405981,1.764711393,1.941177445,1.977360119,1.958291215,2.012208177,2.038733869,2.023209709,1.97685911,1.912185056,1.850607801,1.801340143,1.766304065,1.749179544,1.748289199,1.761663726,1.786016675,1.816937868
8.5,0.5,2,1,0.33063606,0.398751736,0.476276816,0.566524144,0.687052631,0.819605121,0.991975649,1.206956717,1.483476661,1.817803139,2.054164239,1.865945756,1.56490668,1.34385567,1.19407621,1.099371203,1.045135094,1.023816377,1.030377541,1.061598681,1.11568468,1.192053956,1.296102379,1.425245171,1.583270653,1.776870621,1.999127338,2.241401281,2.43762743,2.229149974,1.906625017,1.871126022,1.649227998,1.593206275,1.588597766,1.612624123,1.674042647,1.690900403,1.757790487,1.830661736,1.901883326,1.957858023,1.985781906,1.981768174,1.95170284,1.911387386,1.87532697,1.854353285,1.850295047,1.865186573,1.888674698,1.916058481,1.9341174,1.935742654,1.917014516,1.882810329,1.837701826,1.786911574,1.74339665,1.718330717,1.640752355
9,0.7,1,0.8,0.553846164,0.655674511,0.761152608,0.893299089,1.043765513,1.235606128,1.456868248,1.703478992,1.8859585,1.855818309,1.666148108,1.473955743,1.323401254,1.212905515,1.139766905,1.096012252,1.078041863,1.083437093,1.110893877,1.160254069,1.236135233,1.336264994,1.473617944,1.663352693,1.945281233,2.384598346,2.275566672,2.207950334,1.992522337,1.903727005,1.876986026,1.806360126,1.840058465,1.894535715,1.945220777,1.974416289,1.973830767,1.94855144,1.911642322,1.878798047,1.858121983,1.85788917,1.877167258,1.910694947,1.949209261,1.976416818,1.980941296,1.958138266,1.911940216,1.858777759,1.792062164,1.73013913,1.672668958,1.62076093,1.578084284,1.543931604,1.520687419,1.516804872,1.532530902,1.569878408,1.683222701
8.5,0.9,1,0.4,0.504695942,0.595033472,0.687309333,0.795603067,0.933623763,1.098690898,1.30048684,1.547615054,1.817370012,1.9682091,1.833069213,1.594160423,1.396182505,1.251475718,1.152756911,1.088049699,1.050927965,1.036392164,1.040578076,1.060463234,1.093649986,1.138205996,1.196536113,1.260324361,1.334718622,1.413545874,1.501425988,1.601961499,1.69673418,1.827402648,2.181487112,2.105785531,2.180041307,2.34292467,2.12405048,1.989800749,1.915033524,1.866300688,1.824168912,1.805137094,1.805472713,1.821812559,1.851365767,1.884748927,1.91405405,1.931231735,1.927592976,1.902415505,1.862471764,1.811793284,1.758666472,1.702814311,1.6496885,1.602106143,1.558915008,1.521139712,1.488611758,1.458956072,1.436217688,1.424311585,1.42670388
8,1.1,1.5,0.4,0.307774968,0.369281533,0.438486223,0.518334171,0.624784232,0.740741899,0.890922741,1.073563438,1.319557609,1.635106475,1.984259217,2.037072147,1.704362453,1.424683442,1.234296259,1.108299159,1.022370068,0.973523663,0.949602302,0.945107665,0.955970301,0.984555841,1.018407064,1.060523742,1.109447849,1.168172906,1.228144459,1.291876574,1.362176014,1.431455583,1.504958807,1.583566152,1.649366795,1.708780117,1.764968258,1.821035768,1.961458457,1.992768096,1.92380855,2.261185181,2.059568603,1.849921546,1.783918941,1.750111697,1.73561639,1.737843988,1.762000817,1.77012504,1.798580487,1.83138029,1.859801911,1.879964667,1.888963319,1.877129374,1.854932018,1.821050638,1.781969333,1.739363142,1.694506446,1.652160833,1.610768136
8.5,0.7,0.5,0.6,0.549438257,0.643524338,0.738633577,0.857373822,0.990877902,1.157568747,1.361178249,1.597900913,1.841333982,1.957949041,1.834552871,1.624466948,1.444390899,1.311444311,1.221086978,1.160954521,1.1316864,1.125638352,1.13943744,1.174574446,1.221537522,1.282236545,1.359601578,1.448869622,1.550376999,1.670132726,1.796266495,1.985836993,2.522451626,2.188506719,2.246687523,2.251995723,2.155478979,2.047048661,1.964946332,1.915419235,1.897028634,1.908198844,1.940205102,1.976164468,1.999388364,1.99550234,1.961469358,1.904361298,1.836817951,1.767347879,1.700709852,1.639177537,1.586256673,1.549117099,1.499329593,1.461028764,1.435731199,1.420469626,1.418332999,1.430313135,1.484314711,1.532552525,1.644393073,1.823956057,2.079771627
